a,b,c,f
0.925108142,1.100015626,-1.113443778,1.100015626
1.093704531,1.099988305,-0.606712044,1.099933664
1.107610797,1.100001966,-0.21049277,1.100015626
1.10266574,1.100015626,-0.073342571,1.100056607
1.101149438,1.075440606,-0.024602341,1.099947324
1.070864379,0.54265853,-0.003715623,1.100029287
1.501316561,0.290460625,-0.009603246,1.298883414
0.205233524,-1.099974645,-1.094196305,0.258181151
0.150496388,-1.099988305,-1.115547476,0.090021893
0.041404607,-1.099974645,-1.115738722,0.031391549
0.001529962,-1.100001966,-1.113293514,0.010941963
4.10E-05,-1.100001966,-1.113662344,0.003811246
-0.002704755,-1.099974645,-0.950461804,0.001338717
0.001488981,-1.690403518,-0.570279815,0.000724
-0.020900379,-1.099988305,-1.097966569,1.37E-05
0.022881134,-1.663478912,-1.421198442,-5.46E-05
-0.218566053,1.100015626,1.026714036,-0.258235792
-0.140428689,1.100001966,1.086450871,-0.090021893
-0.034765663,1.100001966,1.086655776,-0.031446191
-0.001652906,1.100029287,1.085112153,-0.010914642
4.10E-05,1.100001966,1.08534438,-0.003852227
-0.000805962,1.100015626,1.085562946,-0.001352377
-9.56E-05,1.100015626,1.085590267,-0.000396151
-0.000327849,1.100015626,1.085631248,-0.000177585
2.73E-05,1.100001966,1.085795172,-2.73E-05
-0.000273208,1.099974645,1.085931776,-6.83E-05
-0.004931397,1.026031017,1.087584682,4.10E-05
-0.022484983,0.454835957,1.094688079,0
0.006625283,0.158596993,1.089497135,2.73E-05
0.017389662,0.084830949,4.00598791,-0.000245887
-0.955707389,-1.099947324,1.095917513,-1.100425438
-1.088663852,-1.099947324,1.085057512,-1.100261513
-1.103567325,-1.100001966,1.083609512,-1.100206872
-1.097556758,-1.099988305,1.085385361,-1.100193211
-1.096067777,-1.100015626,1.085207776,-1.100193211
-1.096040456,-1.099988305,1.084497436,-1.100111249
-1.095999475,-1.100015626,1.084210568,-1.100179551
-1.096231701,-1.100029287,1.083882719,-1.100179551
-1.096218041,-1.099974645,1.08354121,-1.100302494
-1.095944833,-1.100015626,1.08318604,-1.10016589
-1.095644305,-1.099974645,1.082789889,-1.100111249
-1.086860682,-0.95787939,1.079238191,-1.10013857
-1.06511336,-0.383050669,1.071041964,-1.100247853
-1.086109361,-0.13358484,0.991565883,-1.100261513
-1.104195702,-0.04658189,0.432337314,-1.100302494
-1.106558947,-0.016228529,0.148351709,-1.100206872
-5.350442347,-0.008688001,0.07763193,-5.112096065
-0.86186059,-1.100015626,1.091655475,-1.100302494
-1.063610718,-1.099988305,1.081942946,-1.100097588
-1.107160004,-1.100015626,1.079279172,-1.10013857
-1.099305287,-1.100029287,0.896626253,-1.100234192
-0.909972443,-1.100015626,0.344022968,-0.657064198
-0.368201838,-1.842894321,0.178035711,-0.352096252
-0.037688984,-1.100029287,-1.090808531,5.46E-05
0.021692681,-1.094319248,-1.119536307,-4.10E-05
0.040038569,-0.611479516,-1.137731931,-0.000204906
0.004904076,-0.213197525,-1.129604006,-2.73E-05
-0.016788605,-0.074353439,-1.119754873,9.56E-05
-0.010982944,-0.039792682,-5.377025443,0.000232226
0,0,0,0
0.925203765,1.100015626,-1.113443778,1.100015626
1.093745513,1.100001966,-0.606739364,1.099974645
1.107583476,1.099974645,-0.21050643,1.099974645
1.102652079,1.099988305,-0.073356232,1.100056607
1.101190419,1.075440606,-0.024629662,1.099960985
1.070878039,0.542699511,-0.003701963,1.099974645
1.501057014,0.290474285,-0.009575925,1.298951716
0.205274505,-1.100015626,-1.094209965,0.258222132
0.150482728,-1.099988305,-1.115533816,0.090090195
0.041390946,-1.100015626,-1.115738722,0.031364229
0.001557283,-1.099988305,-1.113293514,0.010900982
5.46E-05,-1.100015626,-1.113648684,0.003811246
-0.002677434,-1.100029287,-0.950448144,0.001352377
0.001448,-1.690307895,-0.570334456,0.000655698
-0.0209277,-1.100015626,-1.097952909,2.73E-05
0.020108077,-1.663465252,-1.421198442,6.83E-05
-0.216216468,1.100015626,1.026645734,-0.258263113
-0.139759331,1.100029287,1.08643721,-0.090090195
-0.034833965,1.099988305,1.086642116,-0.031432531
-0.001748528,1.100015626,1.085098493,-0.010914642
0,1.100015626,1.085289738,-0.003865887
-0.000655698,1.100029287,1.085562946,-0.001325057
-0.000314189,1.100015626,1.085576606,-0.000437132
-0.000150264,1.100001966,1.085617587,-0.000150264
-0.000150264,1.100029287,1.085822493,-6.83E-05
-0.000122943,1.100001966,1.085959097,0
-0.004794793,1.026003696,1.087639323,-2.73E-05
-0.022498643,0.454863278,1.094715399,1.37E-05
0.006543321,0.158596993,1.089483475,-1.37E-05
0.017198416,0.084830949,4.006001571,-6.83E-05
-0.956117201,-1.099933664,1.095876532,-1.100534721
-1.088759474,-1.099974645,1.085016531,-1.100124909
-1.103553664,-1.099988305,1.083595851,-1.100220532
-1.097788985,-1.100001966,1.085480984,-1.100220532
-1.096327324,-1.100001966,1.085276078,-1.100179551
-1.096327324,-1.099988305,1.084579399,-1.100206872
-1.096313664,-1.100001966,1.084210568,-1.100179551
-1.096245362,-1.100001966,1.083882719,-1.100220532
-1.096149739,-1.100001966,1.08354121,-1.10013857
-1.095999475,-1.100015626,1.083131399,-1.100261513
-1.095944833,-1.100029287,1.08281721,-1.100234192
-1.079005964,-0.820018851,1.076478794,-1.100206872
-1.068815322,-0.2953647,1.072189436,-1.100329815
-1.091805739,-0.102985592,0.833037192,-1.100288834
-1.106176457,-0.035926795,0.305623645,-1.10015223
-4.005728363,-0.019206492,0.15885654,-3.766398535
-0.863991609,-1.100015626,1.091723777,-1.100398117
-1.064512303,-1.100029287,1.081997587,-1.100247853
-1.107310268,-1.099988305,1.079402115,-1.100179551
-1.100124909,-1.100042947,0.649059216,-1.100261513
-0.97882075,-1.100001966,0.225683111,-0.769803301
-0.473960487,-1.559127282,0.11624982,-0.417543124
-0.037607022,-1.099988305,-1.090876833,-2.73E-05
0.021624379,-1.099359928,-1.119372382,-0.000136604
0.039191625,-0.641013254,-1.136871327,-0.000136604
0.006051548,-0.22349745,-1.12975427,-1.37E-05
-0.016638341,-0.077932458,-1.119782194,5.46E-05
-0.011392756,-0.041732456,-5.349445139,0.000232226
0,0,0,0
0.925299387,1.100015626,-1.113457438,1.099988305
1.093690871,1.099988305,-0.606766685,1.100015626
1.107583476,1.100015626,-0.21049277,1.099974645
1.102638419,1.100001966,-0.073315251,1.099988305
1.101163098,1.075440606,-0.024656983,1.100029287
1.070837058,0.54265853,-0.003688302,1.099933664
1.501152636,0.290474285,-0.009603246,1.298965376
0.205260845,-1.099974645,-1.094237286,0.258194811
0.150469067,-1.099974645,-1.115520156,0.089967252
0.041445588,-1.099988305,-1.115738722,0.03141887
0.001516302,-1.100001966,-1.113293514,0.010955623
8.20E-05,-1.100001966,-1.113648684,0.003811246
-0.002745736,-1.100001966,-0.950434483,0.001352377
0.001502642,-1.690417178,-0.570293475,0.000751321
-0.02095502,-1.100015626,-1.097952909,-5.46E-05
0.020627171,-1.663451591,-1.422619121,-4.10E-05
-0.216954129,1.100001966,1.025470942,-0.258181151
-0.139813972,1.100001966,1.086642116,-0.090090195
-0.034437814,1.100015626,1.086655776,-0.031364229
-0.001652906,1.100001966,1.085112153,-0.010941963
0,1.100001966,1.085330719,-0.003838566
-0.000642038,1.100015626,1.085590267,-0.001338717
-0.00036883,1.100015626,1.085603927,-0.000464453
-0.000218566,1.100015626,1.085658569,-0.000163925
-0.000232226,1.100001966,1.085822493,-4.10E-05
-0.000136604,1.099974645,1.086013738,-2.73E-05
-0.004794793,1.026044677,1.087639323,2.73E-05
-0.02238936,0.454876938,1.094701739,1.37E-05
0.006475019,0.158624313,1.089469814,-4.10E-05
0.017471624,0.084830949,4.008255533,-0.000136604
-0.956021578,-1.099947324,1.095917513,-1.1005074
-1.088759474,-1.099960985,1.085112153,-1.10015223
-1.103212155,-1.100001966,1.083623172,-1.100124909
-1.097529437,-1.100001966,1.085480984,-1.100179551
-1.096026796,-1.100029287,1.085289738,-1.100097588
-1.096081437,-1.099974645,1.084593059,-1.100124909
-1.095972154,-1.100015626,1.084224229,-1.10015223
-1.095944833,-1.100015626,1.083882719,-1.10013857
-1.095862871,-1.100029287,1.083595851,-1.100206872
-1.095698947,-1.099988305,1.0831997,-1.10016589
-1.095657966,-1.100015626,1.082844531,-1.100111249
-1.095548682,-1.100001966,1.0824757,-1.100179551
-1.07341887,-0.714096278,1.074115549,-1.100275173
-1.072080153,-0.248987716,1.072899775,-1.100247853
-1.094209965,-0.086825365,0.884618781,-1.100275173
-1.106408683,-0.030285059,0.336318515,-1.100193211
-1.105548079,-0.010559472,0.114392008,-1.100179551
-3.787312574,-0.005614415,0.060638419,-3.546575727
-0.857434628,-1.100029287,1.091587173,-1.100343475
-1.062094416,-1.100029287,1.081860983,-1.100261513
-1.107105363,-1.099988305,1.079019625,-1.10015223
-1.099332607,-1.100070268,0.899221725,-1.100179551
-0.909589952,-1.100042947,0.346058364,-0.650876047
-0.365196555,-1.785124581,0.179114881,-0.348763119
-0.03755238,-1.100001966,-1.090685588,8.20E-05
0.021446794,-1.089087324,-1.11965925,-5.46E-05
0.040544003,-0.580566079,-1.138619855,-0.000136604
0.004248378,-0.202419486,-1.129522043,1.37E-05
-0.016884228,-0.070569515,-1.11964559,5.46E-05
-0.010709737,-0.037825588,-5.406736766,0.000191245
0,0,0,0
0.92539501,1.100015626,-1.113430118,1.099947324
1.093745513,1.099974645,-0.606725704,1.099988305
1.107610797,1.100001966,-0.210465449,1.100015626
1.102652079,1.100029287,-0.073342571,1.099988305
1.10121774,1.075454266,-0.024656983,1.099974645
1.070809737,0.54267219,-0.003688302,1.100029287
1.500893089,0.290474285,-0.009575925,1.298992697
0.205260845,-1.099974645,-1.094209965,0.258194811
0.150496388,-1.099988305,-1.115492835,0.090021893
0.041472909,-1.099974645,-1.115738722,0.031391549
0.001475321,-1.100001966,-1.113293514,0.010914642
5.46E-05,-1.099960985,-1.113621363,0.003824906
-0.002663774,-1.100015626,-0.950489125,0.001325057
0.001502642,-1.690403518,-0.570375437,0.00073766
-0.020996002,-1.099988305,-1.097966569,-2.73E-05
0.020476907,-1.663478912,-1.423206517,-1.37E-05
-0.216557978,1.099988305,1.024965508,-0.258208471
-0.139704689,1.100015626,1.086669437,-0.089994573
-0.03467004,1.100015626,1.086669437,-0.03141887
-0.001721208,1.100029287,1.085084833,-0.010941963
-2.73E-05,1.100042947,1.085303399,-0.003852227
-0.000655698,1.099974645,1.085562946,-0.001325057
-0.000327849,1.099988305,1.085590267,-0.000437132
-0.000109283,1.100015626,1.085631248,-0.000136604
-0.000218566,1.099988305,1.085836153,-0.000109283
-0.000150264,1.100001966,1.085986418,2.73E-05
-0.004794793,1.026003696,1.087639323,-5.46E-05
-0.022512304,0.454863278,1.094701739,2.73E-05
0.00648868,0.158610653,1.089510795,-1.37E-05
0.017376001,0.084830949,4.009443986,-0.000122943
-0.956294786,-1.099947324,1.095876532,-1.100480079
-1.088568229,-1.099960985,1.08497555,-1.100193211
-1.103335098,-1.099988305,1.083609512,-1.100124909
-1.097584079,-1.100015626,1.085494644,-1.100111249
-1.096040456,-1.100015626,1.085303399,-1.10013857
-1.096067777,-1.099988305,1.084552078,-1.10015223
-1.096054116,-1.099974645,1.084196908,-1.10015223
-1.095958494,-1.100029287,1.083869059,-1.100070268
-1.09580823,-1.100029287,1.083513889,-1.100070268
-1.095712607,-1.100015626,1.083240682,-1.100111249
-1.095603324,-1.100056607,1.08283087,-1.100124909
-1.073213964,-0.716555146,1.074566341,-1.10013857
-1.071793285,-0.24986198,1.073323247,-1.10015223
-1.094920305,-0.087098572,0.702881107,-1.100220532
-1.106408683,-0.030367021,0.245599942,-1.100097588
-5.853294534,-0.01625585,0.127492311,-5.613076781
-0.86548059,-1.100015626,1.091764758,-1.100357136
-1.06477185,-1.100001966,1.082065889,-1.100193211
-1.107146344,-1.100029287,1.079470417,-1.10013857
-1.099332607,-1.100029287,0.818953342,-1.100124909
-0.936664822,-1.100029287,0.297263493,-0.701774616
-0.405412708,-1.777966543,0.153515332,-0.375974593
-0.037648003,-1.100001966,-1.090876833,0.000122943
0.02167902,-1.09907306,-1.119399703,-0.000163925
0.039259927,-0.63944231,-1.136925968,-0.000136604
0.005996906,-0.222964695,-1.129685968,0
-0.016638341,-0.077754874,-1.119741213,0.000109283
-0.011597661,-0.041609512,-5.3501828,0.000177585
0,0,0,0
0.925490633,1.099988305,-1.113416457,1.100015626
1.093786494,1.099974645,-0.606684723,1.100015626
1.107610797,1.100042947,-0.210479109,1.099947324
1.102638419,1.100029287,-0.073328911,1.100001966
1.101163098,1.075426945,-0.024643323,1.100029287
1.070809737,0.542699511,-0.003715623,1.099960985
1.500852108,0.290460625,-0.009575925,1.298938056
0.205233524,-1.100001966,-1.094209965,0.258181151
0.150469067,-1.099988305,-1.115492835,0.090008233
0.041472909,-1.099988305,-1.115697741,0.031391549
0.001516302,-1.100001966,-1.113279854,0.010969284
9.56E-05,-1.099988305,-1.113607703,0.003797585
-0.002718415,-1.099988305,-0.950530106,0.001325057
0.001420679,-1.690362537,-0.570402758,0.000724
-0.020982341,-1.100015626,-1.097952909,2.73E-05
0.021720002,-1.663451591,-1.423944178,-0.000286868
-0.217322959,1.100029287,1.024419092,-0.258140169
-0.140496991,1.100015626,1.08677872,-0.089939931
-0.034560757,1.100042947,1.086669437,-0.031377889
-0.001693887,1.100042947,1.085071172,-0.010928303
1.37E-05,1.099988305,1.085330719,-0.003838566
-0.000683019,1.100042947,1.085562946,-0.001284076
-0.000327849,1.100015626,1.085590267,-0.000491774
-0.000122943,1.099960985,1.085644908,-0.000150264
-0.000122943,1.100029287,1.085863474,-6.83E-05
-0.000136604,1.100015626,1.085986418,-4.10E-05
-0.004794793,1.025990036,1.087652984,2.73E-05
-0.022539624,0.454781316,1.09474272,1.37E-05
0.006570642,0.158583332,1.089524456,5.46E-05
0.017239397,0.084830949,4.010495835,-0.000191245
-0.956431389,-1.099947324,1.095903852,-1.100562041
-1.088841437,-1.099974645,1.085043852,-1.10013857
-1.103294117,-1.099988305,1.083650493,-1.10015223
-1.097597739,-1.099988305,1.085480984,-1.100124909
-1.09619072,-1.099974645,1.085276078,-1.10015223
-1.096204381,-1.100001966,1.084579399,-1.100193211
-1.096108758,-1.100015626,1.084210568,-1.10015223
-1.096081437,-1.100001966,1.083882719,-1.100111249
-1.095999475,-1.100042947,1.083568531,-1.10016589
-1.095890192,-1.100042947,1.08318604,-1.100234192
-1.095739928,-1.100015626,1.08281721,-1.100124909
-1.093759173,-1.065673435,1.081642417,-1.100111249
-1.065618794,-0.518069849,1.071424454,-1.100234192
-1.079661662,-0.180631183,1.074101888,-1.100247853
-1.099619475,-0.062974344,0.628787215,-1.100247853
-1.10699608,-0.021952228,0.21842945,-1.100111249
-4.196659471,-0.011747925,0.113517744,-3.956400737
-0.860221345,-1.099960985,1.091614494,-1.100398117
-1.063077963,-1.100042947,1.081915625,-1.100275173
-1.107187325,-1.099988305,1.079238191,-1.10016589
-1.099551173,-1.100015626,0.819909568,-1.100193211
-0.935831539,-1.099974645,0.297768927,-0.694179446
-0.401437538,-1.707055519,0.153761219,-0.371931121
-0.037634342,-1.100001966,-1.090699248,0.000109283
0.0216517,-1.09292589,-1.119563628,-0.000109283
0.040011248,-0.603488194,-1.137977818,-0.000122943
0.004876755,-0.210410808,-1.129672308,2.73E-05
-0.016802265,-0.073369892,-1.119672911,4.10E-05
-0.010873661,-0.039300908,-5.383254575,0.000232226
0,0,0,0
0.925613576,1.100001966,-1.113443778,1.099988305
1.093786494,1.100001966,-0.606684723,1.099988305
1.107583476,1.099988305,-0.210451789,1.099988305
1.10266574,1.100001966,-0.073328911,1.100042947
1.101204079,1.075454266,-0.024656983,1.099988305
1.070823398,0.542713171,-0.003674642,1.099974645
1.500660863,0.290460625,-0.009603246,1.298897074
0.205219864,-1.099988305,-1.094209965,0.258222132
0.150469067,-1.100001966,-1.115492835,0.090008233
0.041445588,-1.100015626,-1.115738722,0.03141887
0.001543623,-1.099974645,-1.113279854,0.010955623
9.56E-05,-1.099988305,-1.113635023,0.003770264
-0.002691095,-1.100001966,-0.950475465,0.001338717
0.001475321,-1.690348876,-0.570416418,0.000724
-0.021036983,-1.100015626,-1.097939249,-5.46E-05
0.019588983,-1.663451591,-1.424709159,0.000204906
-0.215984242,1.100001966,1.023831696,-0.258399717
-0.140018878,1.099988305,1.086874342,-0.090035554
-0.034342191,1.100001966,1.086683097,-0.031446191
-0.001652906,1.100015626,1.085098493,-0.010955623
5.46E-05,1.100029287,1.085303399,-0.003852227
-0.00071034,1.099988305,1.085576606,-0.001311396
-0.000314189,1.100029287,1.085617587,-0.000464453
-0.000122943,1.100015626,1.085658569,-0.000150264
-0.000136604,1.099988305,1.085836153,-1.37E-05
-0.000109283,1.099960985,1.085986418,-2.73E-05
-0.004822114,1.026031017,1.087639323,-2.73E-05
-0.022580605,0.454863278,1.094715399,6.83E-05
0.006611623,0.158624313,1.089510795,-2.73E-05
0.017307699,0.084830949,4.011711609,-0.000136604
-0.956540673,-1.099933664,1.095890192,-1.1005074
-1.088868757,-1.099974645,1.085153135,-1.100193211
-1.103458042,-1.100015626,1.083582191,-1.100234192
-1.097775324,-1.100001966,1.085426342,-1.100234192
-1.096395626,-1.100015626,1.085289738,-1.100179551
-1.096368305,-1.100015626,1.084565738,-1.100220532
-1.096300003,-1.100029287,1.084224229,-1.100206872
-1.096231701,-1.100015626,1.083869059,-1.100206872
-1.096067777,-1.100029287,1.083609512,-1.100288834
-1.095985815,-1.100015626,1.08317238,-1.100261513
-1.095958494,-1.099988305,1.082858191,-1.100193211
-1.095794569,-1.100029287,1.082489361,-1.10015223
-1.076273889,-0.767522017,1.075085436,-1.100247853
-1.07055019,-0.270844321,1.072189436,-1.100302494
-1.093062494,-0.094447856,0.928045123,-1.100302494
-1.106258419,-0.032921512,0.368707272,-1.100234192
-1.106067174,-0.011488378,0.125716462,-1.100275173
-4.743088265,-0.006119849,0.066362118,-4.50532938
-0.857407307,-1.100001966,1.091587173,-1.100370796
-1.062039774,-1.100001966,1.081901965,-1.100275173
-1.10736491,-1.100001966,1.078992304,-1.100234192
-1.099523853,-1.099988305,0.972209126,-1.094209965
-0.878294025,-1.100042947,0.407584709,-0.609348497
-0.326455722,-1.89664791,0.21157194,-0.326524023
-0.037648003,-1.100015626,-1.090630946,1.37E-05
0.02167902,-1.086587474,-1.119741213,-0.000177585
0.040503022,-0.573544645,-1.138838421,-0.000150264
0.004002491,-0.199974279,-1.129604006,4.10E-05
-0.01696619,-0.069749892,-1.11964559,0.000122943
-0.010422869,-0.037320154,-5.411408615,0.000204906
0,0,0,0
0.925722859,1.100001966,-1.113430118,1.099960985
1.093800154,1.100015626,-0.606712044,1.100015626
1.107610797,1.100001966,-0.210465449,1.099988305
1.102638419,1.100015626,-0.073328911,1.099960985
1.101135777,1.075413285,-0.024643323,1.099988305
1.070796077,0.542713171,-0.003715623,1.100015626
1.500729164,0.290460625,-0.009562265,1.299006357
0.205165222,-1.099974645,-1.094223626,0.258181151
0.150441747,-1.100029287,-1.115492835,0.090049214
0.041472909,-1.100015626,-1.115711401,0.031336908
0.001529962,-1.100029287,-1.113266193,0.010969284
6.83E-05,-1.100001966,-1.113635023,0.003797585
-0.002650113,-1.099988305,-0.950489125,0.001338717
0.00146166,-1.690280574,-0.570375437,0.000696679
-0.021036983,-1.100029287,-1.097952909,2.73E-05
0.023168002,-1.663451591,-1.425624404,-5.46E-05
-0.21807428,1.099988305,1.023216979,-0.258276773
-0.141302954,1.100029287,1.086997286,-0.090008233
-0.034547097,1.100015626,1.086642116,-0.031364229
-0.001598264,1.099988305,1.085098493,-0.010955623
1.37E-05,1.100001966,1.085303399,-0.003811246
-0.000683019,1.100001966,1.085576606,-0.001352377
-0.000327849,1.100001966,1.085617587,-0.000437132
-0.000150264,1.100015626,1.085644908,-0.000163925
-0.000122943,1.099988305,1.085836153,-6.83E-05
-0.000122943,1.100001966,1.085972757,-2.73E-05
-0.004808453,1.026044677,1.087652984,1.37E-05
-0.022553285,0.454863278,1.094770041,4.10E-05
0.006584302,0.158610653,1.089538116,-2.73E-05
0.017212077,0.084830949,4.013036666,-0.000122943
-0.956622635,-1.099947324,1.095876532,-1.100534721
-1.089005361,-1.099974645,1.085207776,-1.100220532
-1.103458042,-1.099974645,1.083486568,-1.100206872
-1.097666041,-1.100015626,1.085399021,-1.100206872
-1.096368305,-1.100029287,1.085317059,-1.100179551
-1.096395626,-1.100015626,1.084593059,-1.100261513
-1.096300003,-1.100029287,1.084237889,-1.100193211
-1.096259022,-1.100029287,1.083923701,-1.100247853
-1.096122418,-1.100029287,1.08354121,-1.100275173
-1.096026796,-1.100029287,1.083227021,-1.100179551
-1.095958494,-1.100029287,1.082871851,-1.100124909
-1.095780909,-1.100015626,1.08244838,-1.100261513
-1.09113638,-1.022725206,1.0803037,-1.100220532
-1.065058718,-0.450710523,1.070509209,-1.100302494
-1.08317238,-0.157148992,1.076260228,-1.100302494
-1.100794268,-0.054778117,0.70658307,-1.100275173
-1.107351249,-0.01912453,0.24587315,-1.100234192
-4.456124698,-0.010190642,0.127874802,-4.214062793
-0.853773646,-1.100015626,1.091546192,-1.100425438
-1.060905963,-1.100042947,1.081847323,-1.100261513
-1.10736491,-1.100001966,1.078732757,-1.100247853
-1.099592154,-1.100015626,0.980938108,-1.09292589
-0.875343384,-1.100015626,0.416136105,-0.60187627
-0.321497004,-1.861895907,0.216120846,-0.322453231
-0.03753872,-1.100015626,-1.090576305,2.73E-05
0.021883926,-1.078432228,-1.119946118,-0.000109283
0.040666946,-0.550936719,-1.139425818,-0.000150264
0.003292151,-0.19209224,-1.129535704,1.37E-05
-0.01697985,-0.066990495,-1.119536307,4.10E-05
-0.010067699,-0.035844833,-5.4361339,0.000245887
0,0,0,0
0.925845802,1.100015626,-1.113430118,1.100029287
1.093786494,1.099974645,-0.606753025,1.100042947
1.107569815,1.099988305,-0.21049277,1.099960985
1.102652079,1.100029287,-0.073315251,1.099974645
1.101190419,1.075413285,-0.024629662,1.099974645
1.070741435,0.542699511,-0.003715623,1.099960985
1.500619881,0.290474285,-0.009589586,1.298869754
0.20508326,-1.100001966,-1.094155324,0.258290434
0.150469067,-1.100001966,-1.115465514,0.090035554
0.041500229,-1.099988305,-1.11568408,0.031377889
0.001543623,-1.099988305,-1.113266193,0.010928303
0.000109283,-1.099974645,-1.113635023,0.003852227
-0.002677434,-1.100001966,-0.950530106,0.001338717
0.001448,-1.690403518,-0.570443739,0.000696679
-0.021050643,-1.100001966,-1.097925588,-2.73E-05
0.023932983,-1.663478912,-1.425638065,-1.37E-05
-0.218566053,1.100015626,1.023121357,-0.258304094
-0.14154884,1.100001966,1.087024606,-0.089980912
-0.034533436,1.099988305,1.086696757,-0.031377889
-0.001543623,1.100029287,1.085084833,-0.010941963
0,1.099988305,1.085330719,-0.003824906
-0.000696679,1.100029287,1.085576606,-0.001352377
-0.00035517,1.099988305,1.085590267,-0.000464453
-0.000150264,1.100001966,1.085658569,-0.000136604
-0.000122943,1.100001966,1.085808833,-6.83E-05
-0.000136604,1.099974645,1.085972757,-1.37E-05
-0.004808453,1.026058338,1.087639323,0
-0.022553285,0.454890599,1.09472906,1.37E-05
0.006597963,0.158624313,1.089510795,-4.10E-05
0.017294039,0.08484461,4.013173269,-0.000109283
-0.956964144,-1.099933664,1.095876532,-1.10052106
-1.088732154,-1.099988305,1.085057512,-1.100220532
-1.103471702,-1.099974645,1.083732455,-1.100220532
-1.097707022,-1.100029287,1.085508304,-1.100193211
-1.096245362,-1.100001966,1.085303399,-1.10016589
-1.096259022,-1.100029287,1.084552078,-1.100179551
-1.096259022,-1.100015626,1.084196908,-1.100206872
-1.096204381,-1.100029287,1.083951021,-1.10015223
-1.096040456,-1.100001966,1.08352755,-1.10013857
-1.095972154,-1.100042947,1.0831997,-1.100124909
-1.092338494,-1.040688603,1.081519474,-1.100179551
-1.064539624,-0.474247355,1.0716157,-1.100261513
-1.081205285,-0.16535888,0.986251995,-1.100288834
-1.102488155,-0.057660457,0.427392257,-1.10015223
-1.106381363,-0.020094417,0.146972011,-1.10016589
-5.331399779,-0.010750718,0.076798647,-5.09780731
-0.869264515,-1.100001966,1.09184672,-1.100411777
-1.066178869,-1.099974645,1.082188832,-1.100275173
-1.107323929,-1.100015626,1.079661662,-1.100220532
-1.099646796,-1.100015626,0.740693034,-1.100179551
-0.95787939,-1.100015626,0.260448773,-0.740652053
-0.440724786,-1.721672124,0.134336161,-0.399087953
-0.037866569,-1.100015626,-1.090863173,6.83E-05
0.021924907,-1.100042947,-1.119235779,-0.000122943
0.038795474,-0.662419066,-1.136229289,-0.000109283
0.006638944,-0.230969677,-1.129699628,0
-0.016570039,-0.08052793,-1.119741213,6.83E-05
-0.011720605,-0.043125814,-5.336740987,0.000232226
0,0,0,0
0.925941425,1.100015626,-1.113430118,1.100001966
1.093827475,1.099988305,-0.606712044,1.100001966
1.107597136,1.100001966,-0.210479109,1.099988305
1.10266574,1.099988305,-0.07330159,1.099988305
1.101190419,1.075454266,-0.024656983,1.100029287
1.070782417,0.542713171,-0.003729283,1.100015626
1.500319353,0.290460625,-0.009548604,1.298787791
0.205192543,-1.099988305,-1.094209965,0.258290434
0.150455407,-1.100015626,-1.115451854,0.090021893
0.041486569,-1.099988305,-1.115697741,0.03141887
0.001502642,-1.100001966,-1.113279854,0.010941963
0.000136604,-1.100015626,-1.113635023,0.003770264
-0.002677434,-1.100029287,-0.950516446,0.001366038
0.001448,-1.690280574,-0.570457399,0.000683019
-0.021077964,-1.099988305,-1.097925588,-1.37E-05
0.022963096,-1.663478912,-1.425679046,0
-0.217896695,1.100029287,1.023135017,-0.258276773
-0.141207331,1.100015626,1.087038267,-0.089967252
-0.034506116,1.100001966,1.086669437,-0.031391549
-0.001584604,1.100001966,1.085084833,-0.010982944
-1.37E-05,1.100015626,1.085330719,-0.003811246
-0.00073766,1.100015626,1.085590267,-0.001311396
-0.000327849,1.099988305,1.085617587,-0.000450792
-0.000150264,1.100015626,1.085672229,-0.000177585
-0.000122943,1.099960985,1.085836153,-6.83E-05
-0.000122943,1.099988305,1.086000078,0
-0.004781132,1.026031017,1.087652984,-1.37E-05
-0.022553285,0.454863278,1.094770041,2.73E-05
0.006611623,0.158610653,1.089524456,-4.10E-05
0.017266718,0.084830949,4.013104968,-0.000163925
-0.956977805,-1.099947324,1.095931173,-1.100562041
-1.089032682,-1.100001966,1.085084833,-1.100220532
-1.103458042,-1.099960985,1.083650493,-1.100234192
-1.097788985,-1.100015626,1.085440003,-1.10016589
-1.096354645,-1.100001966,1.085289738,-1.100206872
-1.096354645,-1.100015626,1.084593059,-1.100206872
-1.096327324,-1.100029287,1.084210568,-1.100179551
-1.096245362,-1.100015626,1.08391004,-1.10015223
-1.09619072,-1.100029287,1.083595851,-1.10016589
-1.096013135,-1.100001966,1.08318604,-1.100302494
-1.095944833,-1.099988305,1.082844531,-1.100220532
-1.091450569,-1.026003696,1.080795474,-1.10015223
-1.06477185,-0.454794976,1.071069285,-1.100329815
-1.082598644,-0.158569672,1.052409208,-1.100288834
-1.101982721,-0.055310872,0.535923963,-1.100206872
-1.10699608,-0.019274794,0.185180089,-1.100275173
-5.826287966,-0.010299925,0.096483252,-5.589471647
-0.861942552,-1.100001966,1.091682795,-1.100411777
-1.063624378,-1.100015626,1.082011248,-1.100206872
-1.107446872,-1.100029287,1.079238191,-1.100247853
-1.099455551,-1.100015626,0.942101653,-1.097720683
-0.890697649,-1.100015626,0.378693008,-0.630262536
-0.343531194,-1.896825495,0.19640892,-0.337711873
-0.037743625,-1.100029287,-1.090699248,0.000109283
0.021720002,-1.092365814,-1.119522646,-8.20E-05
0.040229814,-0.599963817,-1.138032459,-0.000150264
0.004808453,-0.209195034,-1.129590345,1.37E-05
-0.016897888,-0.07293276,-1.11964559,8.20E-05
-0.010791699,-0.039055022,-5.387571255,0.000204906
0,0,0,0
0.926064368,1.099974645,-1.113430118,1.099947324
1.093841135,1.100001966,-0.606739364,1.099988305
1.107624457,1.100001966,-0.210465449,1.100015626
1.102652079,1.100015626,-0.073315251,1.100001966
1.101204079,1.075454266,-0.024656983,1.100070268
1.070768756,0.542699511,-0.003701963,1.099933664
1.50019641,0.290474285,-0.009562265,1.298924395
0.205110581,-1.099974645,-1.094168984,0.258208471
0.150455407,-1.099988305,-1.115451854,0.090035554
0.041500229,-1.100015626,-1.115738722,0.031391549
0.001557283,-1.100015626,-1.113266193,0.010873661
9.56E-05,-1.100001966,-1.113607703,0.003824906
-0.002718415,-1.099988305,-0.950543766,0.001379698
0.001516302,-1.690335216,-0.570416418,0.00073766
-0.021132605,-1.099988305,-1.097952909,1.37E-05
0.023372907,-1.663492572,-1.42581565,-0.000109283
-0.217978657,1.100001966,1.023148677,-0.258222132
-0.141507859,1.099988305,1.087065588,-0.089994573
-0.034560757,1.100056607,1.086655776,-0.03141887
-0.001584604,1.100029287,1.085057512,-0.010914642
0,1.100029287,1.08534438,-0.003838566
-0.00071034,1.100015626,1.085576606,-0.001366038
-0.00035517,1.099988305,1.085590267,-0.000450792
-0.000122943,1.100001966,1.08569955,-0.000122943
-0.000136604,1.099988305,1.085836153,-4.10E-05
-0.000150264,1.099974645,1.086013738,0
-0.004781132,1.026017357,1.087652984,-4.10E-05
-0.022498643,0.454863278,1.094756381,6.83E-05
0.006570642,0.158596993,1.089524456,-4.10E-05
0.017280379,0.084830949,4.013227911,-0.000177585
-0.957305654,-1.099933664,1.095876532,-1.10052106
-1.088677512,-1.100015626,1.085071172,-1.100234192
-1.103594645,-1.099974645,1.083718795,-1.10015223
-1.097816305,-1.100029287,1.085576606,-1.100220532
-1.096300003,-1.100001966,1.085235097,-1.100247853
-1.096381966,-1.100001966,1.08462038,-1.100234192
-1.096313664,-1.100001966,1.084292531,-1.100206872
-1.096272683,-1.100001966,1.083937361,-1.100206872
-1.09619072,-1.100015626,1.083582191,-1.100179551
-1.095985815,-1.100029287,1.083240682,-1.100206872
-1.087489059,-0.963876296,1.079811927,-1.100179551
-1.064812831,-0.388678745,1.0716157,-1.100261513
-1.08608204,-0.135524614,0.874660365,-1.100302494
-1.104810419,-0.047251249,0.33217942,-1.100193211
-1.105957891,-0.016474416,0.113230876,-1.100193211
-6.137908516,-0.008797284,0.059736834,-5.907061783
-0.871135987,-1.100029287,1.091915022,-1.100452758
-1.066711624,-1.100001966,1.082257134,-1.100288834
-1.10736491,-1.100001966,1.079784606,-1.100206872
-1.099510192,-1.100042947,0.801140209,-1.100247853
-0.940680973,-1.100015626,0.288220323,-0.715353033
-0.414592483,-1.816994244,0.148802501,-0.383310216
-0.037989512,-1.100042947,-1.090849512,6.83E-05
0.02203419,-1.100001966,-1.119222118,-8.20E-05
0.038713512,-0.668839444,-1.136038044,-0.000122943
0.006884831,-0.233196319,-1.129672308,-6.83E-05
-0.016570039,-0.081306572,-1.119768533,0.000109283
-0.011816227,-0.043508305,-5.331932534,0.000191245
0,0,0,0
0.926228293,1.100001966,-1.113416457,1.099960985
1.093868456,1.100001966,-0.606739364,1.100015626
1.107569815,1.100001966,-0.21050643,1.100042947
1.10269306,1.100015626,-0.073328911,1.100001966
1.101190419,1.075440606,-0.024656983,1.100015626
1.070755096,0.54267219,-0.003674642,1.099974645
1.500005164,0.290460625,-0.009589586,1.298842433
0.205192543,-1.099960985,-1.094196305,0.258276773
0.150455407,-1.100001966,-1.115451854,0.090035554
0.041486569,-1.099960985,-1.115697741,0.031364229
0.001557283,-1.100001966,-1.113252533,0.010941963
6.83E-05,-1.099974645,-1.113621363,0.003838566
-0.002650113,-1.100015626,-0.950557427,0.001338717
0.00146166,-1.690444499,-0.570389098,0.000724
-0.021187247,-1.100029287,-1.097884607,0
0.022471322,-1.663437931,-1.42582931,-0.000150264
-0.217555185,1.100001966,1.023080375,-0.258194811
-0.141070727,1.100015626,1.087051927,-0.089953591
-0.034424153,1.100001966,1.086696757,-0.031377889
-0.001557283,1.100015626,1.085084833,-0.010982944
-6.83E-05,1.100001966,1.08534438,-0.003824906
-0.000696679,1.100001966,1.085590267,-0.001338717
-0.000327849,1.100029287,1.085617587,-0.000464453
-9.56E-05,1.100001966,1.085644908,-0.000136604
-0.000136604,1.100001966,1.085849814,-6.83E-05
-0.000109283,1.099988305,1.086027399,-1.37E-05
-0.004808453,1.026044677,1.087639323,1.37E-05
-0.022580605,0.454863278,1.09474272,4.10E-05
0.006570642,0.158624313,1.089565437,-4.10E-05
0.017307699,0.084830949,4.013050326,-0.000109283
-0.957278333,-1.099933664,1.095944833,-1.100534721
-1.089100984,-1.099988305,1.085125814,-1.100234192
-1.103485362,-1.099988305,1.083623172,-1.10016589
-1.097734343,-1.099988305,1.085480984,-1.10015223
-1.096368305,-1.100015626,1.085317059,-1.100179551
-1.096381966,-1.100015626,1.084593059,-1.100220532
-1.096313664,-1.100015626,1.084183248,-1.100193211
-1.096245362,-1.100029287,1.083951021,-1.100193211
-1.09617706,-1.100015626,1.083568531,-1.100220532
-1.096013135,-1.100029287,1.083268002,-1.100261513
-1.095958494,-1.100015626,1.08283087,-1.100234192
-1.095412079,-1.09112272,1.082284455,-1.10016589
-1.068118643,-0.592710156,1.072216756,-1.100288834
-1.076574417,-0.206681524,1.074416077,-1.100275173
-1.097775324,-0.072058496,0.743110921,-1.100275173
-1.107228306,-0.025121436,0.261719189,-1.10016589
-6.252956223,-0.013441812,0.135907104,-6.014063526
-0.860344288,-1.100015626,1.091614494,-1.100411777
-1.063091624,-1.100029287,1.082024908,-1.100288834
-1.107501514,-1.100015626,1.079128908,-1.100179551
-1.099455551,-1.100029287,0.983957052,-1.093158116
-0.870384666,-1.099988305,0.418717917,-0.603242307
-0.320035344,-1.944227008,0.217555185,-0.323327495
-0.037784606,-1.099988305,-1.090630946,8.20E-05
0.021720002,-1.089606418,-1.119604609,-6.83E-05
0.040598644,-0.583626004,-1.138524233,-0.000109283
0.004344,-0.203498656,-1.129576685,0
-0.016993511,-0.070965665,-1.11965925,9.56E-05
-0.010600454,-0.037989512,-5.40255669,0.000218566
0,0,0,0
0.926323916,1.100029287,-1.113389137,1.099988305
1.093827475,1.100001966,-0.606725704,1.100015626
1.107610797,1.100029287,-0.210465449,1.099960985
1.10266574,1.100001966,-0.073315251,1.100015626
1.101190419,1.075399624,-0.024643323,1.099933664
1.070714115,0.542699511,-0.003715623,1.099974645
1.500032485,0.290460625,-0.009575925,1.299033678
0.205165222,-1.099988305,-1.094168984,0.258194811
0.150441747,-1.099974645,-1.115451854,0.090049214
0.041486569,-1.100001966,-1.11567042,0.031391549
0.001543623,-1.099988305,-1.113252533,0.010941963
8.20E-05,-1.100015626,-1.113580382,0.003811246
-0.002636453,-1.100015626,-0.950612068,0.001338717
0.00143434,-1.690348876,-0.570512041,0.000724
-0.021173586,-1.100015626,-1.097898268,0
0.022252756,-1.663437931,-1.42581565,-0.000177585
-0.217281978,1.100042947,1.023012074,-0.258222132
-0.14116635,1.100029287,1.087024606,-0.089953591
-0.034410493,1.100001966,1.086669437,-0.031391549
-0.001557283,1.100029287,1.085084833,-0.010955623
0,1.100056607,1.08535804,-0.003783925
-0.00071034,1.099988305,1.085576606,-0.001352377
-0.00035517,1.100015626,1.085603927,-0.000464453
-0.000163925,1.100001966,1.08572687,-0.000163925
-6.83E-05,1.099974645,1.085822493,-4.10E-05
-0.000136604,1.099974645,1.086000078,1.37E-05
-0.004808453,1.026017357,1.087680305,-4.10E-05
-0.022621587,0.454808636,1.094756381,4.10E-05
0.006611623,0.158596993,1.089524456,-2.73E-05
0.017280379,0.084830949,4.013268892,-0.000150264
-0.957674484,-1.099933664,1.09580823,-1.100575702
-1.088622871,-1.099947324,1.085030191,-1.100234192
-1.103621966,-1.100015626,1.083855399,-1.100193211
-1.097788985,-1.100042947,1.085535625,-1.100220532
-1.096272683,-1.100015626,1.085303399,-1.100234192
-1.096313664,-1.100001966,1.084593059,-1.100193211
-1.096313664,-1.100015626,1.084237889,-1.100234192
-1.096259022,-1.100001966,1.083923701,-1.100220532
-1.096204381,-1.100029287,1.083582191,-1.100179551
-1.096040456,-1.100029287,1.0831997,-1.10016589
-1.070440907,-0.657282764,1.074060907,-1.100193211
-1.073323247,-0.229180167,1.026290564,-1.100220532
-1.098308079,-0.079926874,0.486446073,-1.100247853
-1.106463325,-0.027853511,0.168555408,-1.10016589
-6.217999315,-0.014903473,0.087658648,-5.987207223
-0.875452667,-1.099960985,1.091996984,-1.100452758
-1.068104982,-1.100015626,1.082325436,-1.100275173
-1.107310268,-1.100029287,1.080044153,-1.100220532
-1.099851702,-1.099974645,0.664754991,-1.100247853
-0.977577655,-1.100001966,0.231133602,-0.779952962
-0.47696577,-1.706877934,0.119200461,-0.423949842
-0.038112456,-1.100015626,-1.090972456,6.83E-05
0.022362039,-1.100001966,-1.119140156,-8.20E-05
0.037770946,-0.705667824,-1.134958874,-0.000122943
0.007964001,-0.246050735,-1.129685968,-1.37E-05
-0.016351473,-0.085787176,-1.119741213,6.83E-05
-0.012403624,-0.045926192,-5.306469589,0.000177585
0,0,0,0
0.926446859,1.100070268,-1.113430118,1.099960985
1.093909437,1.099988305,-0.606698383,1.099974645
1.107610797,1.099974645,-0.210479109,1.100056607
1.102638419,1.100015626,-0.073328911,1.100029287
1.101149438,1.075440606,-0.024656983,1.100029287
1.070686794,0.54267219,-0.003688302,1.099988305
1.499950523,0.290460625,-0.009575925,1.298842433
0.20508326,-1.100001966,-1.094168984,0.258235792
0.150455407,-1.099988305,-1.115479174,0.089980912
0.04152755,-1.100015626,-1.11568408,0.031432531
0.001570944,-1.100001966,-1.113225212,0.010969284
5.46E-05,-1.099960985,-1.113594042,0.003783925
-0.002663774,-1.100015626,-0.950571087,0.001297736
0.00143434,-1.690335216,-0.570457399,0.000751321
-0.021173586,-1.100001966,-1.097911928,-1.37E-05
0.023058719,-1.663451591,-1.425856631,-0.000177585
-0.217596167,1.100015626,1.022943772,-0.258208471
-0.14152152,1.100001966,1.087024606,-0.089953591
-0.034547097,1.100001966,1.086669437,-0.031350568
-0.001529962,1.100015626,1.085057512,-0.010969284
0,1.100015626,1.085399021,-0.003824906
-0.00073766,1.100042947,1.085590267,-0.001325057
-0.00036883,1.099988305,1.085617587,-0.000491774
-0.000122943,1.099988305,1.085740531,-0.000163925
-0.000122943,1.099988305,1.085877135,-1.37E-05
-0.000150264,1.100001966,1.086027399,-1.37E-05
-0.004767472,1.026031017,1.087652984,-2.73E-05
-0.022621587,0.454835957,1.094756381,5.46E-05
0.006638944,0.158596993,1.089579097,2.73E-05
0.017266718,0.084830949,4.013214251,-0.000177585
-0.95753788,-1.099933664,1.095985815,-1.100548381
-1.089100984,-1.099947324,1.085139474,-1.100206872
-1.103444381,-1.100001966,1.083636833,-1.100220532
-1.097761664,-1.100001966,1.085480984,-1.100220532
-1.096354645,-1.100029287,1.085317059,-1.100193211
-1.096381966,-1.100015626,1.084565738,-1.100193211
-1.096327324,-1.099988305,1.084237889,-1.100261513
-1.096245362,-1.100042947,1.083992002,-1.10016589
-1.096136079,-1.100001966,1.083609512,-1.100179551
-1.096040456,-1.100029287,1.083268002,-1.100193211
-1.095944833,-1.100015626,1.082844531,-1.100206872
-1.094811022,-1.081246266,1.082065889,-1.100193211
-1.066889209,-0.558764116,1.071847926,-1.100288834
-1.077995096,-0.194837976,1.074948832,-1.100288834
-1.09870423,-0.067933061,0.693523748,-1.100261513
-1.107269287,-0.023687096,0.241624772,-1.10013857
-5.5711804,-0.012676831,0.125429594,-5.333052685
-0.86112293,-1.100001966,1.091641814,-1.100398117
-1.063296529,-1.100029287,1.081997587,-1.100288834
-1.107515174,-1.100029287,1.07921087,-1.100234192
-1.099496532,-1.099988305,0.935981803,-1.098198796
-0.893101875,-1.100015626,0.373625008,-0.632434536
-0.346181308,-1.86630821,0.193663184,-0.338913987
-0.037852908,-1.100029287,-1.090644607,4.10E-05
0.021720002,-1.090835852,-1.119604609,-0.000109283
0.040489361,-0.59105725,-1.138264686,-0.000150264
0.004589887,-0.206094128,-1.129549364,-1.37E-05
-0.01696619,-0.07185359,-1.119577288,4.10E-05
-0.010709737,-0.038467625,-5.395275708,0.000218566
0,0,0,0
0.926569802,1.100015626,-1.113389137,1.099974645
1.093868456,1.100029287,-0.606725704,1.099974645
1.107624457,1.099974645,-0.210479109,1.100001966
1.102652079,1.099988305,-0.073328911,1.100029287
1.101190419,1.075454266,-0.024643323,1.099933664
1.070673134,0.542699511,-0.003715623,1.100015626
1.499827579,0.290460625,-0.009548604,1.298965376
0.205055939,-1.099988305,-1.094168984,0.258208471
0.150469067,-1.099974645,-1.115451854,0.090035554
0.04152755,-1.099988305,-1.11568408,0.031391549
0.001543623,-1.099974645,-1.113252533,0.010914642
6.83E-05,-1.099988305,-1.113607703,0.003838566
-0.002650113,-1.100029287,-0.950612068,0.001338717
0.00146166,-1.690376197,-0.570457399,0.00073766
-0.021187247,-1.100029287,-1.097898268,-2.73E-05
0.022430341,-1.663437931,-1.42584297,-0.000122943
-0.217418582,1.100015626,1.023094036,-0.258249453
-0.141125369,1.100029287,1.087038267,-0.089939931
-0.034478795,1.100042947,1.086683097,-0.031377889
-0.001516302,1.100015626,1.085084833,-0.010941963
-6.83E-05,1.100001966,1.085385361,-0.003824906
-0.000696679,1.100001966,1.085603927,-0.001338717
-0.000341509,1.100001966,1.085631248,-0.000437132
-0.000109283,1.100015626,1.085658569,-0.000136604
-0.000109283,1.100001966,1.085849814,-0.000109283
-0.000177585,1.099960985,1.086027399,0
-0.004808453,1.026003696,1.087666644,1.37E-05
-0.022621587,0.454849618,1.094715399,-1.37E-05
0.006638944,0.158596993,1.089579097,1.37E-05
0.01733502,0.084830949,4.013145949,-9.56E-05
-0.957715465,-1.099933664,1.095985815,-1.100589362
-1.089251248,-1.099960985,1.085440003,-1.10016589
-1.103458042,-1.099974645,1.083500229,-1.100234192
-1.097679702,-1.100001966,1.085399021,-1.100179551
-1.096381966,-1.100001966,1.08535804,-1.100206872
-1.096422947,-1.100001966,1.08462038,-1.100261513
-1.096395626,-1.100015626,1.08427887,-1.100220532
-1.096259022,-1.100015626,1.083964682,-1.100261513
-1.09617706,-1.100042947,1.083623172,-1.100220532
-1.096067777,-1.100042947,1.083254342,-1.100220532
-1.095972154,-1.100042947,1.082953814,-1.100261513
-1.09580823,-1.099974645,1.082516682,-1.10016589
-1.095726267,-1.100001966,1.082188832,-1.100220532
-1.086587474,-0.949491917,1.078363927,-1.100179551
-1.065782718,-0.376370744,1.070099398,-1.100316155
-1.087174871,-0.131235255,1.0774077,-1.100316155
-1.102105664,-0.045748607,0.750596809,-1.100206872
-1.107583476,-0.015941662,0.264055113,-1.100179551
-2.825908807,-0.008551397,0.137519029,-2.582521846
-0.848405118,-1.100029287,1.091409588,-1.1005074
-1.058884227,-1.100029287,1.081628757,-1.100275173
-1.10737857,-1.100056607,1.07850053,-1.100179551
-1.099838041,-1.100015626,0.992317203,-1.090986116
-0.870630553,-1.099988305,0.429905767,-0.590497175
-0.31377889,-1.800178318,0.223388167,-0.316388023
-0.037607022,-1.099988305,-1.09041238,5.46E-05
0.0223757,-1.063146265,-1.12036959,-9.56E-05
0.040967475,-0.513657546,-1.140450346,-0.000109283
0.00215834,-0.179114881,-1.129440081,0
-0.017089133,-0.062441589,-1.119508986,5.46E-05
-0.009480303,-0.033399625,-5.47945096,0.000191245
0,0,0,0
0.926624444,1.099974645,-1.113375476,1.100001966
1.093882116,1.100001966,-0.606739364,1.100015626
1.107624457,1.099988305,-0.210451789,1.099974645
1.10266574,1.100029287,-0.073342571,1.100042947
1.101176758,1.075440606,-0.024656983,1.099974645
1.070632152,0.542726831,-0.003701963,1.100029287
1.499772938,0.290460625,-0.009575925,1.298883414
0.205055939,-1.100001966,-1.094141664,0.258235792
0.150455407,-1.099988305,-1.115438193,0.090021893
0.041554871,-1.100015626,-1.11568408,0.031432531
0.001584604,-1.100001966,-1.113197891,0.010914642
0.000122943,-1.099988305,-1.113580382,0.003797585
-0.002704755,-1.100015626,-0.950625729,0.001338717
0.001407019,-1.690307895,-0.570539362,0.000724
-0.021200907,-1.099974645,-1.097911928,-2.73E-05
0.022430341,-1.663492572,-1.425856631,-0.000150264
-0.217213676,1.099974645,1.023025734,-0.258208471
-0.141234652,1.100015626,1.087038267,-0.089939931
-0.034547097,1.100015626,1.086683097,-0.031364229
-0.001557283,1.100001966,1.085057512,-0.010941963
1.37E-05,1.100029287,1.08535804,-0.003852227
-0.00071034,1.100042947,1.085590267,-0.001338717
-0.000327849,1.099974645,1.085617587,-0.000464453
-0.000136604,1.100015626,1.08572687,-0.000122943
-0.000136604,1.099988305,1.085863474,-6.83E-05
-0.000122943,1.099960985,1.08605472,-4.10E-05
-0.004808453,1.026031017,1.087693965,-1.37E-05
-0.022607926,0.454863278,1.09474272,6.83E-05
0.006611623,0.158624313,1.089579097,-2.73E-05
0.017307699,0.084830949,4.013132288,-0.000177585
-0.958029654,-1.099933664,1.095890192,-1.100589362
-1.088800456,-1.099988305,1.085016531,-1.100206872
-1.103540004,-1.100001966,1.083746116,-1.10016589
-1.097802645,-1.099988305,1.085617587,-1.10015223
-1.096286343,-1.100001966,1.085317059,-1.100179551
-1.096381966,-1.100001966,1.084593059,-1.100234192
-1.096327324,-1.100001966,1.08425155,-1.100193211
-1.096259022,-1.100015626,1.083951021,-1.100206872
-1.09619072,-1.100015626,1.083595851,-1.10016589
-1.096067777,-1.100015626,1.083254342,-1.100124909
-1.090303097,-1.007808072,1.080781814,-1.100193211
-1.064334718,-0.432146069,1.071588379,-1.100329815
-1.083500229,-0.150660313,0.935667614,-1.100261513
-1.103826872,-0.052537815,0.376807876,-1.100247853
-1.106203778,-0.018318567,0.129008613,-1.100179551
-4.549452402,-0.009780831,0.067673514,-4.31863299
-0.871176968,-1.100015626,1.091956003,-1.100452758
-1.066670643,-1.099988305,1.082257134,-1.100288834
-1.107460532,-1.100015626,1.079743625,-1.100193211
-1.100070268,-1.100042947,0.654987821,-1.100206872
-0.977905504,-1.100029287,0.227800469,-0.776141716
-0.475749996,-1.632073702,0.117369971,-0.421490974
-0.038098795,-1.100015626,-1.090822192,4.10E-05
0.022129813,-1.099988305,-1.119208458,-9.56E-05
0.038699852,-0.67374352,-1.13590144,-0.000122943
0.007021434,-0.234903866,-1.129644987,-1.37E-05
-0.016570039,-0.081907629,-1.119713892,6.83E-05
-0.01189819,-0.043863475,-5.327779779,0.000163925
0,0,0,0
0.92682935,1.099960985,-1.113361816,1.099960985
1.093936758,1.100029287,-0.606739364,1.099960985
1.107624457,1.099988305,-0.21049277,1.100029287
1.102652079,1.099988305,-0.073315251,1.100015626
1.101190419,1.075467926,-0.024656983,1.099960985
1.070659473,0.542726831,-0.003688302,1.100001966
1.499513391,0.290460625,-0.009603246,1.298979037
0.205055939,-1.099960985,-1.094141664,0.258208471
0.150455407,-1.099974645,-1.115451854,0.090049214
0.04152755,-1.099988305,-1.115697741,0.031377889
0.001570944,-1.100001966,-1.113238872,0.010941963
8.20E-05,-1.100001966,-1.113607703,0.003797585
-0.002636453,-1.099988305,-0.950584748,0.001352377
0.001420679,-1.690403518,-0.57048472,0.000696679
-0.021255549,-1.100015626,-1.097857286,0
0.022662568,-1.663451591,-1.425911272,-0.000163925
-0.217500544,1.100015626,1.02288913,-0.258181151
-0.141207331,1.100015626,1.087051927,-0.089994573
-0.034492455,1.099988305,1.086683097,-0.031364229
-0.001543623,1.100029287,1.085098493,-0.010941963
0,1.100001966,1.085371701,-0.003824906
-0.000696679,1.100015626,1.085576606,-0.001325057
-0.00036883,1.100015626,1.085617587,-0.000450792
-0.000136604,1.100029287,1.085767852,-0.000163925
-0.000109283,1.099988305,1.085863474,-4.10E-05
-0.000136604,1.099988305,1.08606838,-2.73E-05
-0.004822114,1.026017357,1.087639323,0
-0.022607926,0.454835957,1.094770041,1.37E-05
0.006597963,0.158596993,1.089565437,0
0.017376001,0.084830949,4.013282553,-0.000163925
-0.958220899,-1.099933664,1.095890192,-1.100562041
-1.088800456,-1.099988305,1.08500287,-1.100220532
-1.103608306,-1.100001966,1.083800757,-1.10016589
-1.097788985,-1.100015626,1.085617587,-1.100179551
-1.096340984,-1.100015626,1.085330719,-1.10015223
-1.096395626,-1.100015626,1.08463404,-1.10016589
-1.096381966,-1.100015626,1.08425155,-1.100193211
-1.096300003,-1.100042947,1.084005663,-1.100179551
-1.096218041,-1.100001966,1.083623172,-1.10013857
-1.096067777,-1.100029287,1.083227021,-1.10013857
-1.088554569,-0.980582938,1.080221738,-1.100193211
-1.064525963,-0.404347199,1.071574719,-1.100275173
-1.085139474,-0.140988765,0.89434497,-1.100275173
-1.104537211,-0.049163702,0.345375346,-1.100193211
-1.106080834,-0.017130114,0.117889065,-1.10016589
-4.657041542,-0.009152453,0.06208642,-4.427547186
-0.871873648,-1.100001966,1.091956003,-1.100411777
-1.066861888,-1.100029287,1.082243474,-1.100234192
-1.107446872,-1.100015626,1.079811927,-1.100193211
-1.100029287,-1.100056607,0.660957406,-1.100275173
-0.976648749,-1.100029287,0.229904167,-0.77448881
-0.473482374,-1.645515514,0.118490122,-0.420466445
-0.038194418,-1.099974645,-1.090849512,-4.10E-05
0.022088832,-1.100015626,-1.119140156,-0.000204906
0.038590569,-0.677486464,-1.135737516,-0.000122943
0.007171699,-0.236228923,-1.129617666,-4.10E-05
-0.016556379,-0.082344761,-1.11965925,0.000109283
-0.011980152,-0.044082041,-5.324637892,0.000204906
0,0,0,0
0.926911312,1.100029287,-1.113375476,1.100029287
1.093964079,1.099988305,-0.606725704,1.100001966
1.107610797,1.100015626,-0.21050643,1.099947324
1.102652079,1.100001966,-0.073328911,1.099960985
1.101204079,1.075426945,-0.024629662,1.100029287
1.070632152,0.542699511,-0.003688302,1.099988305
1.499431428,0.290460625,-0.009589586,1.298992697
0.205055939,-1.099974645,-1.094141664,0.25816749
0.150441747,-1.100029287,-1.115451854,0.090035554
0.04151389,-1.100001966,-1.115697741,0.03141887
0.001570944,-1.099988305,-1.113266193,0.010941963
0.000109283,-1.100001966,-1.113607703,0.003783925
-0.002663774,-1.100029287,-0.950598408,0.001352377
0.00146166,-1.690294235,-0.57047106,0.00073766
-0.021282869,-1.100001966,-1.097884607,-2.73E-05
0.022553285,-1.663465252,-1.425856631,-0.000163925
-0.21736394,1.100001966,1.023135017,-0.258222132
-0.141207331,1.100029287,1.087065588,-0.089926271
-0.034506116,1.100001966,1.086710418,-0.031377889
-0.001543623,1.100042947,1.085112153,-0.010928303
-1.37E-05,1.100029287,1.085385361,-0.003852227
-0.00073766,1.100001966,1.085590267,-0.001352377
-0.000327849,1.099988305,1.085631248,-0.000464453
-0.000136604,1.099988305,1.085754191,-0.000163925
-0.000122943,1.099988305,1.085863474,0
-9.56E-05,1.099988305,1.08605472,-2.73E-05
-0.004808453,1.026003696,1.087680305,-2.73E-05
-0.022621587,0.454863278,1.094783701,4.10E-05
0.006652604,0.158610653,1.089579097,1.37E-05
0.017307699,0.084830949,4.01284542,-0.000191245
-0.958097956,-1.099933664,1.095972154,-1.100548381
-1.089278569,-1.099974645,1.085412682,-1.100220532
-1.103444381,-1.100001966,1.08352755,-1.10015223
-1.097666041,-1.100015626,1.085494644,-1.100193211
-1.096422947,-1.100001966,1.085371701,-1.10016589
-1.096436607,-1.100001966,1.084661361,-1.100261513
-1.096340984,-1.100001966,1.084292531,-1.100220532
-1.096259022,-1.100029287,1.083992002,-1.100247853
-1.09617706,-1.100029287,1.083650493,-1.100179551
-1.096013135,-1.100015626,1.083295323,-1.100179551
-1.095972154,-1.100015626,1.082912833,-1.100247853
-1.09583555,-1.099974645,1.082584983,-1.100288834
-1.095712607,-1.100001966,1.082120531,-1.100234192
-1.08138287,-0.860262326,1.076492455,-1.100247853
-1.067845435,-0.31663391,1.070796077,-1.100329815
-1.090740229,-0.110416838,1.077298417,-1.100261513
-1.103731249,-0.038481286,0.628732573,-1.100275173
-1.10736491,-0.013428152,0.217773751,-1.100193211
-1.898041268,-0.007171699,0.113545065,-1.656798987
-0.850249269,-1.099988305,1.091409588,-1.100480079
-1.059416982,-1.100029287,1.081669738,-1.100193211
-1.107474193,-1.100029287,1.078514191,-1.10016589
-1.099933664,-1.100001966,0.917185123,-1.098034871
-0.901625952,-1.100001966,0.359896328,-0.63187446
-0.350839497,-1.688245178,0.186245598,-0.338613458
-0.037770946,-1.100015626,-1.090426041,0.000122943
0.022334719,-1.067818114,-1.120178345,-6.83E-05
0.04114506,-0.521881094,-1.140149818,-0.000150264
0.002349585,-0.1819699,-1.129371779,1.37E-05
-0.017143775,-0.063452457,-1.119508986,5.46E-05
-0.009616906,-0.034000682,-5.474014129,0.000191245
0,0,0,0
0.926993274,1.100029287,-1.113375476,1.100015626
1.093936758,1.100015626,-0.606739364,1.099974645
1.107638117,1.099960985,-0.210479109,1.100001966
1.102652079,1.100001966,-0.073328911,1.099988305
1.101149438,1.075426945,-0.024670643,1.100001966
1.070618492,0.542726831,-0.003701963,1.099988305
1.499349466,0.290460625,-0.009562265,1.298910735
0.2050696,-1.099974645,-1.094168984,0.258222132
0.150387105,-1.099988305,-1.115465514,0.090008233
0.041568531,-1.099988305,-1.11567042,0.031391549
0.001598264,-1.099988305,-1.113225212,0.010969284
0.000109283,-1.099988305,-1.113566722,0.003838566
-0.002663774,-1.099988305,-0.950612068,0.001325057
0.001420679,-1.690417178,-0.570512041,0.00071034
-0.02131019,-1.099988305,-1.097857286,0
0.023331926,-1.663478912,-1.425856631,-0.000204906
-0.217555185,1.100015626,1.023107696,-0.258194811
-0.141617142,1.100029287,1.087065588,-0.089953591
-0.034601738,1.100029287,1.086696757,-0.031377889
-0.001570944,1.100029287,1.085071172,-0.010941963
-2.73E-05,1.100015626,1.085385361,-0.003824906
-0.000696679,1.100015626,1.085603927,-0.001311396
-0.000341509,1.100001966,1.085631248,-0.000464453
-9.56E-05,1.099974645,1.085740531,-0.000163925
-0.000136604,1.099988305,1.085890795,-6.83E-05
-0.000136604,1.099988305,1.08606838,-2.73E-05
-0.004822114,1.026003696,1.087680305,0
-0.022662568,0.454863278,1.094797362,2.73E-05
0.006652604,0.158596993,1.089620078,2.73E-05
0.01733502,0.084830949,4.012777119,-0.000163925
-0.958275541,-1.099947324,1.095972154,-1.100575702
-1.089251248,-1.099960985,1.085480984,-1.100193211
-1.103444381,-1.099974645,1.083568531,-1.10015223
-1.097666041,-1.100015626,1.085426342,-1.100206872
-1.096409286,-1.100001966,1.085371701,-1.10015223
-1.096477588,-1.100015626,1.084606719,-1.100206872
-1.096354645,-1.100015626,1.08425155,-1.100234192
-1.096286343,-1.100015626,1.084032984,-1.100261513
-1.096218041,-1.100042947,1.083650493,-1.100316155
-1.096108758,-1.100015626,1.083227021,-1.10015223
-1.095972154,-1.100001966,1.082926493,-1.100179551
-1.09583555,-1.100029287,1.082584983,-1.100261513
-1.095712607,-1.100015626,1.082188832,-1.100261513
-1.088185739,-0.975173429,1.078896681,-1.10013857
-1.065386567,-0.399306519,1.069976454,-1.100343475
-1.085904455,-0.139226576,1.076874945,-1.100261513
-1.101504607,-0.048548985,0.808653417,-1.100275173
-1.107651778,-0.016925209,0.29138953,-1.100206872
-2.786266389,-0.00904317,0.151753143,-2.543043353
-0.848732967,-1.100001966,1.091395927,-1.100493739
-1.058856906,-1.100029287,1.081697059,-1.100288834
-1.107433212,-1.100029287,1.078432228,-1.100206872
-1.099892683,-1.100056607,0.992317203,-1.090863173
-0.86981093,-1.100001966,0.429974069,-0.589732193
-0.313082211,-1.794686846,0.223442809,-0.316183117
-0.037757286,-1.100015626,-1.09039872,0.000136604
0.022539624,-1.060496152,-1.120465213,-4.10E-05
0.041076758,-0.508931055,-1.140504988,-0.000150264
0.001980755,-0.177475635,-1.129303477,-4.10E-05
-0.017130114,-0.061881514,-1.119495326,0.000109283
-0.009439321,-0.033126417,-5.489054206,0.000177585
0,0,0,0
0.927184519,1.100029287,-1.113375476,1.100001966
1.093977739,1.099974645,-0.606725704,1.099988305
1.107638117,1.100001966,-0.210451789,1.099960985
1.102638419,1.099974645,-0.073342571,1.100042947
1.101149438,1.075440606,-0.024629662,1.099974645
1.070577511,0.542726831,-0.003715623,1.099947324
1.499171881,0.290474285,-0.009575925,1.299006357
0.205042279,-1.099974645,-1.094114343,0.258249453
0.150455407,-1.099988305,-1.115424533,0.089980912
0.041595852,-1.099974645,-1.115643099,0.031391549
0.001557283,-1.100015626,-1.113252533,0.010969284
9.56E-05,-1.100001966,-1.113553061,0.003852227
-0.002622793,-1.099988305,-0.950653049,0.001325057
0.001407019,-1.690376197,-0.570580343,0.000683019
-0.02129653,-1.100056607,-1.097843626,-1.37E-05
0.022867473,-1.66341061,-1.425911272,-0.000122943
-0.217582506,1.100056607,1.023012074,-0.258208471
-0.141220991,1.100001966,1.087079248,-0.089953591
-0.034492455,1.100029287,1.086710418,-0.031377889
-0.001584604,1.100001966,1.085098493,-0.010969284
-1.37E-05,1.100015626,1.085371701,-0.003811246
-0.000696679,1.100029287,1.085590267,-0.001325057
-0.00035517,1.099960985,1.085672229,-0.000464453
-0.000163925,1.100015626,1.085754191,-0.000136604
-9.56E-05,1.100015626,1.085863474,-6.83E-05
-0.000109283,1.099974645,1.086095701,-1.37E-05
-0.004876755,1.025990036,1.087680305,0
-0.022635247,0.454849618,1.094756381,2.73E-05
0.006625283,0.158596993,1.089579097,1.37E-05
0.017389662,0.084830949,4.012941043,-0.000177585
-0.958753654,-1.099933664,1.09583555,-1.100534721
-1.088622871,-1.099974645,1.085084833,-1.100206872
-1.103649287,-1.099974645,1.083869059,-1.100261513
-1.097816305,-1.100001966,1.085644908,-1.100206872
-1.096354645,-1.100001966,1.085317059,-1.100193211
-1.096463928,-1.100001966,1.084675021,-1.100206872
-1.096395626,-1.100015626,1.084292531,-1.100179551
-1.096300003,-1.100001966,1.084046644,-1.100220532
-1.096218041,-1.100015626,1.083636833,-1.100220532
-1.08895072,-0.986224675,1.080740832,-1.100234192
-1.064143473,-0.409688407,1.072148454,-1.100261513
-1.08534438,-0.142832916,0.759954168,-1.100316155
-1.104619174,-0.0498194,0.271240472,-1.10016589
-7.169854477,-0.026651398,0.141029746,-6.939144348
-0.880165497,-1.100029287,1.092119928,-1.100411777
-1.06947102,-1.100001966,1.082489361,-1.100261513
-1.107187325,-1.100001966,1.076588077,-1.100206872
-1.100070268,-1.099988305,0.615550308,-1.100275173
-0.989243618,-1.100001966,0.213702959,-0.80480119
-0.502333093,-1.696482386,0.110143631,-0.442254749
-0.038399324,-1.099988305,-1.090958795,1.37E-05
0.022717209,-1.099988305,-1.119003552,-9.56E-05
0.037156229,-0.730925864,-1.134125591,-0.000122943
0.008783623,-0.255763264,-1.129631326,-2.73E-05
-0.016228529,-0.08918861,-1.119741213,6.83E-05
-0.012772454,-0.047743022,-5.291866644,0.000218566
0,0,0,0
0.927280142,1.100015626,-1.113361816,1.100029287
1.093991399,1.100001966,-0.606739364,1.100015626
1.107610797,1.100001966,-0.21050643,1.099947324
1.102638419,1.099947324,-0.073315251,1.099988305
1.10121774,1.075467926,-0.024656983,1.099988305
1.070591171,0.542713171,-0.003701963,1.100029287
1.498953315,0.290474285,-0.009575925,1.298979037
0.205055939,-1.099974645,-1.094141664,0.25816749
0.150414426,-1.100015626,-1.115438193,0.090008233
0.041595852,-1.099988305,-1.11567042,0.03140521
0.001598264,-1.100029287,-1.113170571,0.010941963
8.20E-05,-1.100029287,-1.113566722,0.003797585
-0.002636453,-1.100015626,-0.950639389,0.001366038
0.001475321,-1.690266914,-0.570607664,0.000751321
-0.021378492,-1.100042947,-1.097829966,-4.10E-05
0.022935775,-1.66342427,-1.425965914,-8.20E-05
-0.217500544,1.100001966,1.023066715,-0.258249453
-0.141302954,1.100015626,1.087079248,-0.089980912
-0.034533436,1.100015626,1.086710418,-0.031377889
-0.001529962,1.100029287,1.085084833,-0.010969284
-6.83E-05,1.100029287,1.085399021,-0.003811246
-0.00071034,1.099988305,1.085603927,-0.001352377
-0.000327849,1.100001966,1.085644908,-0.000423472
-0.000122943,1.100001966,1.085781512,-0.000150264
-0.000150264,1.099988305,1.085904455,-8.20E-05
-0.000109283,1.100001966,1.086095701,-1.37E-05
-0.004822114,1.026017357,1.087680305,-1.37E-05
-0.022662568,0.454849618,1.094824682,4.10E-05
0.006666265,0.158596993,1.089606418,0
0.01732136,0.084830949,4.012722477,-0.000163925
-0.958671692,-1.099933664,1.095944833,-1.100562041
-1.089060003,-1.099974645,1.085139474,-1.100220532
-1.103485362,-1.099988305,1.083746116,-1.100179551
-1.097802645,-1.099988305,1.085631248,-1.10015223
-1.096422947,-1.100015626,1.085371701,-1.100193211
-1.096463928,-1.099974645,1.084606719,-1.100193211
-1.096422947,-1.099974645,1.084306191,-1.100220532
-1.096286343,-1.100015626,1.084019323,-1.100247853
-1.09617706,-1.100015626,1.083623172,-1.100234192
-1.096095098,-1.099988305,1.083308983,-1.100220532
-1.095972154,-1.100042947,1.082899172,-1.100220532
-1.082735248,-0.887063988,1.077899474,-1.100261513
-1.06658868,-0.332657533,1.071656681,-1.100275173
-1.089360531,-0.115976612,0.913059688,-1.100247853
-1.105684683,-0.04043472,0.358421007,-1.100234192
-1.106162796,-0.014111171,0.122246726,-1.100261513
-5.486048922,-0.007540529,0.064463325,-5.254259623
-0.866204591,-1.099988305,1.091819399,-1.100452758
-1.064867473,-1.100015626,1.082147851,-1.100247853
-1.107597136,-1.100015626,1.079456757,-1.100206872
-1.099537513,-1.100015626,0.898552366,-1.100179551
-0.906188518,-1.100015626,0.345361685,-0.656572425
-0.365415121,-1.860447907,0.178787032,-0.351918667
-0.038208078,-1.099988305,-1.090658267,4.10E-05
0.021911247,-1.095576003,-1.119358722,-6.83E-05
0.040161512,-0.618828799,-1.137472384,-0.000150264
0.00542317,-0.215765676,-1.129563025,0
-0.016925209,-0.075214043,-1.119604609,4.10E-05
-0.011160529,-0.040298116,-5.370277216,0.000245887
0,0,0,0
