a,b,c,d,e,f
-0.378807306,-0.649483919,0.41279,-0.36501801,-0.642604232,0.410746098
-0.36501801,-0.642604232,0.410746098,-0.348848432,-0.63840121,0.416451693
-0.348848432,-0.63840121,0.416451693,-0.333870411,-0.635921061,0.425917864
-0.333870411,-0.635921061,0.425917864,-0.319670081,-0.634666979,0.437440991
-0.319670081,-0.634666979,0.437440991,-0.305773228,-0.633828104,0.450144768
-0.305773228,-0.633828104,0.450144768,-0.292767018,-0.635140181,0.457993329
-0.292767018,-0.635140181,0.457993329,-0.275791138,-0.641623974,0.459844351
-0.275791138,-0.641623974,0.459844351,-0.273519188,-0.644346356,0.438915074
-0.273519188,-0.644346356,0.438915074,-0.272590786,-0.649439037,0.411809623
-0.272590786,-0.649439037,0.411809623,-0.27236712,-0.651147366,0.388052464
-0.27236712,-0.651147366,0.388052464,-0.27240634,-0.651663244,0.364821613
-0.27240634,-0.651663244,0.364821613,-0.272372514,-0.651577115,0.341314077
-0.272372514,-0.651577115,0.341314077,-0.272465259,-0.651854575,0.319443643
-0.272465259,-0.651854575,0.319443643,-0.275485486,-0.671189547,0.309574068
-0.275485486,-0.671189547,0.309574068,-0.275040835,-0.668120563,0.28888464
-0.275040835,-0.668120563,0.28888464,-0.275108904,-0.670713723,0.261124194
-0.275108904,-0.670713723,0.261124194,-0.278598487,-0.673632383,0.279523969
-0.278598487,-0.673632383,0.279523969,-0.280593634,-0.674236536,0.304798305
-0.280593634,-0.674236536,0.304798305,-0.281176716,-0.67549938,0.327928007
-0.281176716,-0.67549938,0.327928007,-0.281324178,-0.676291108,0.351004958
-0.281324178,-0.676291108,0.351004958,-0.281386733,-0.676255286,0.374594152
-0.281386733,-0.676255286,0.374594152,-0.281234473,-0.675257742,0.398321867
-0.281234473,-0.675257742,0.398321867,-0.280923396,-0.673438251,0.42215842
-0.280923396,-0.673438251,0.42215842,-0.280583322,-0.670812786,0.446107388
-0.280583322,-0.670812786,0.446107388,-0.279997647,-0.667369127,0.470148861
-0.279997647,-0.667369127,0.470148861,-0.27937302,-0.663026869,0.494229913
-0.27937302,-0.663026869,0.494229913,-0.278563708,-0.657955527,0.517962754
-0.278563708,-0.657955527,0.517962754,-0.278416634,-0.655692935,0.535459936
-0.278416634,-0.655692935,0.535459936,-0.278747529,-0.657311976,0.547003806
-0.278747529,-0.657311976,0.547003806,-0.276014626,-0.642219424,0.560104787
-0.276014626,-0.642219424,0.560104787,-0.286920726,-0.64597851,0.559381306
-0.286920726,-0.64597851,0.559381306,-0.303029299,-0.651934862,0.555556595
-0.303029299,-0.651934862,0.555556595,-0.318265796,-0.657063663,0.554097712
-0.318265796,-0.657063663,0.554097712,-0.333513945,-0.66186142,0.55325073
-0.333513945,-0.66186142,0.55325073,-0.349257827,-0.666616023,0.551912248
-0.349257827,-0.666616023,0.551912248,-0.365296721,-0.671087861,0.55027622
-0.365296721,-0.671087861,0.55027622,-0.381715357,-0.675144494,0.548499167
-0.381715357,-0.675144494,0.548499167,-0.39835313,-0.678722262,0.546482027
-0.39835313,-0.678722262,0.546482027,-0.415276706,-0.681955636,0.544242203
-0.415276706,-0.681955636,0.544242203,-0.43238005,-0.684742868,0.541779816
-0.43238005,-0.684742868,0.541779816,-0.449692994,-0.686994195,0.53908664
-0.449692994,-0.686994195,0.53908664,-0.467216343,-0.688668787,0.536931694
-0.467216343,-0.688668787,0.536931694,-0.482976437,-0.68621093,0.542781651
-0.482976437,-0.68621093,0.542781651,-0.496964693,-0.679095924,0.554673493
-0.496964693,-0.679095924,0.554673493,-0.510181844,-0.669695497,0.560824454
-0.510181844,-0.669695497,0.560824454,-0.523674548,-0.660504878,0.561648309
-0.523674548,-0.660504878,0.561648309,-0.584101617,-0.609156251,0.561976016
-0.584101617,-0.609156251,0.561976016,-0.598420024,-0.611271501,0.563328683
-0.598420024,-0.611271501,0.563328683,-0.619056225,-0.611307442,0.559745848
-0.619056225,-0.611307442,0.559745848,-0.638337135,-0.608990788,0.556385338
-0.638337135,-0.608990788,0.556385338,-0.656094015,-0.605158329,0.551593006
-0.656094015,-0.605158329,0.551593006,-0.671760917,-0.601248205,0.539310634
-0.671760917,-0.601248205,0.539310634,-0.684262753,-0.609077692,0.51107198
-0.684262753,-0.609077692,0.51107198,-0.685897171,-0.610989928,0.489049137
-0.685897171,-0.610989928,0.489049137,-0.691158235,-0.617906928,0.454118073
-0.691158235,-0.617906928,0.454118073,-0.693032563,-0.621031582,0.428642094
-0.693032563,-0.621031582,0.428642094,-0.691270292,-0.619099975,0.41650337
-0.691270292,-0.619099975,0.41650337,-0.689157248,-0.616163552,0.406649709
-0.689157248,-0.616163552,0.406649709,-0.683456779,-0.608349919,0.360935807
-0.683456779,-0.608349919,0.360935807,-0.683456779,-0.608349919,0.360935807
-0.378780901,-0.649389446,0.413061857,-0.36499238,-0.642510712,0.411013424
-0.36499238,-0.642510712,0.411013424,-0.348823071,-0.638305485,0.416714072
-0.348823071,-0.638305485,0.416714072,-0.333845645,-0.63582164,0.426177084
-0.333845645,-0.63582164,0.426177084,-0.319646597,-0.634563029,0.437697768
-0.319646597,-0.634563029,0.437697768,-0.305750757,-0.633719027,0.45039928
-0.305750757,-0.633719027,0.45039928,-0.292745531,-0.635027707,0.458247364
-0.292745531,-0.635027707,0.458247364,-0.27577424,-0.641509533,0.460095704
-0.27577424,-0.641509533,0.460095704,-0.273503542,-0.644239485,0.43916744
-0.273503542,-0.644239485,0.43916744,-0.272577226,-0.649341881,0.412062824
-0.272577226,-0.649341881,0.412062824,-0.272355169,-0.651058793,0.388305545
-0.272355169,-0.651058793,0.388305545,-0.272395909,-0.651582778,0.365074694
-0.272395909,-0.651582778,0.365074694,-0.272363514,-0.651505172,0.341566741
-0.272363514,-0.651505172,0.341566741,-0.272457331,-0.651790619,0.319696248
-0.272457331,-0.651790619,0.319696248,-0.275478363,-0.67112577,0.309843838
-0.275478363,-0.67112577,0.309843838,-0.275035113,-0.668064415,0.289153159
-0.275035113,-0.668064415,0.289153159,-0.27517423,-0.67062521,0.261164248
-0.27517423,-0.67062521,0.261164248,-0.278531849,-0.673713684,0.279558837
-0.278531849,-0.673713684,0.279558837,-0.280578226,-0.674175024,0.304822445
-0.280578226,-0.674175024,0.304822445,-0.28120473,-0.675492823,0.327949822
-0.28120473,-0.675492823,0.327949822,-0.281362921,-0.676315367,0.351029575
-0.281362921,-0.676315367,0.351029575,-0.281356812,-0.676163435,0.374599993
-0.281356812,-0.676163435,0.374599993,-0.28123799,-0.675184786,0.398336411
-0.28123799,-0.675184786,0.398336411,-0.280982763,-0.673397303,0.422181189
-0.280982763,-0.673397303,0.422181189,-0.28058067,-0.670775175,0.446136415
-0.28058067,-0.670775175,0.446136415,-0.280037045,-0.667309046,0.470172524
-0.280037045,-0.667309046,0.470172524,-0.279352754,-0.662992895,0.494256437
-0.279352754,-0.662992895,0.494256437,-0.278557122,-0.657922029,0.518005908
-0.278557122,-0.657922029,0.518005908,-0.278398633,-0.655602992,0.535443723
-0.278398633,-0.655602992,0.535443723,-0.278710097,-0.65715462,0.547003448
-0.278710097,-0.65715462,0.547003448,-0.275989234,-0.642018735,0.560113013
-0.275989234,-0.642018735,0.560113013,-0.287008435,-0.645772457,0.559396923
-0.287008435,-0.645772457,0.559396923,-0.302999496,-0.651849866,0.555676639
-0.302999496,-0.651849866,0.555676639,-0.318320423,-0.657040656,0.554275811
-0.318320423,-0.657040656,0.554275811,-0.333567023,-0.661816716,0.55344218
-0.333567023,-0.661816716,0.55344218,-0.349309236,-0.66659075,0.552102864
-0.349309236,-0.66659075,0.552102864,-0.365401924,-0.67106396,0.550475895
-0.365401924,-0.67106396,0.550475895,-0.381754845,-0.675098479,0.548695982
-0.381754845,-0.675098479,0.548695982,-0.398379117,-0.678716838,0.546702087
-0.398379117,-0.678716838,0.546702087,-0.415272802,-0.68192178,0.54446727
-0.415272802,-0.68192178,0.54446727,-0.432418495,-0.684691966,0.542001426
-0.432418495,-0.684691966,0.542001426,-0.449801177,-0.687011421,0.539310992
-0.449801177,-0.687011421,0.539310992,-0.467036813,-0.688246191,0.538440406
-0.467036813,-0.688246191,0.538440406,-0.482224166,-0.684463501,0.546599329
-0.482224166,-0.684463501,0.546599329,-0.495731473,-0.67641288,0.557503521
-0.495731473,-0.67641288,0.557503521,-0.508988559,-0.667084813,0.56141299
-0.508988559,-0.667084813,0.56141299,-0.555734277,-0.630894661,0.561958015
-0.555734277,-0.630894661,0.561958015,-0.569961369,-0.63364476,0.563349545
-0.569961369,-0.63364476,0.563349545,-0.590679824,-0.634708345,0.559929192
-0.590679824,-0.634708345,0.559929192,-0.609968662,-0.633365035,0.556799829
-0.609968662,-0.633365035,0.556799829,-0.627346218,-0.62958169,0.54952997
-0.627346218,-0.62958169,0.54952997,-0.643868625,-0.625717282,0.535138667
-0.643868625,-0.625717282,0.535138667,-0.655807853,-0.6308617,0.511120856
-0.655807853,-0.6308617,0.511120856,-0.657370746,-0.632737517,0.489070833
-0.657370746,-0.632737517,0.489070833,-0.662435055,-0.639837027,0.454386294
-0.662435055,-0.639837027,0.454386294,-0.664192021,-0.643188059,0.428628981
-0.664192021,-0.643188059,0.428628981,-0.662481666,-0.64126265,0.416159034
-0.662481666,-0.64126265,0.416159034,-0.660524309,-0.638196349,0.406255126
-0.660524309,-0.638196349,0.406255126,-0.655096829,-0.63009429,0.361237228
-0.655096829,-0.63009429,0.361237228,-0.655096829,-0.63009429,0.361237228
-0.378740817,-0.649266243,0.413399935,-0.364953637,-0.642388165,0.411345422
-0.364953637,-0.642388165,0.411345422,-0.348785877,-0.638180077,0.417041063
-0.348785877,-0.638180077,0.417041063,-0.333809972,-0.635691345,0.42650032
-0.333809972,-0.635691345,0.42650032,-0.319612354,-0.634426832,0.438017964
-0.319612354,-0.634426832,0.438017964,-0.305718154,-0.633576691,0.450716615
-0.305718154,-0.633576691,0.450716615,-0.292715549,-0.634881377,0.458562911
-0.292715549,-0.634881377,0.458562911,-0.275748372,-0.641361654,0.460415542
-0.275748372,-0.641361654,0.460415542,-0.273479998,-0.644100904,0.439488351
-0.273479998,-0.644100904,0.439488351,-0.272556096,-0.649215877,0.41238457
-0.272556096,-0.649215877,0.41238457,-0.272335589,-0.650943875,0.388627887
-0.272335589,-0.650943875,0.388627887,-0.272378087,-0.651478708,0.365396976
-0.272378087,-0.651478708,0.365396976,-0.27234754,-0.651411951,0.341888785
-0.27234754,-0.651411951,0.341888785,-0.272443175,-0.651707292,0.320018411
-0.272443175,-0.651707292,0.320018411,-0.275464058,-0.671045005,0.310184002
-0.275464058,-0.671045005,0.310184002,-0.275022417,-0.667993188,0.289492249
-0.275022417,-0.667993188,0.289492249,-0.275254458,-0.670306385,0.261176467
-0.275254458,-0.670306385,0.261176467,-0.278567702,-0.673491895,0.279963553
-0.278567702,-0.673491895,0.279963553,-0.280571163,-0.674019575,0.305287421
-0.280571163,-0.674019575,0.305287421,-0.281164408,-0.675326407,0.328395545
-0.281164408,-0.675326407,0.328395545,-0.281321049,-0.676159501,0.351472437
-0.281321049,-0.676159501,0.351472437,-0.28134644,-0.676000953,0.375047505
-0.28134644,-0.676000953,0.375047505,-0.281214118,-0.67502135,0.398784161
-0.281214118,-0.67502135,0.398784161,-0.28092888,-0.673217058,0.422634065
-0.28092888,-0.673217058,0.422634065,-0.280591846,-0.670547187,0.446574211
-0.280591846,-0.670547187,0.446574211,-0.280039966,-0.667051613,0.470607042
-0.280039966,-0.667051613,0.470607042,-0.279368341,-0.6627388,0.494687617
-0.279368341,-0.6627388,0.494687617,-0.278555781,-0.657667696,0.518443763
-0.278555781,-0.657667696,0.518443763,-0.27837196,-0.655341268,0.535877168
-0.27837196,-0.655341268,0.535877168,-0.27869913,-0.65684998,0.54743129
-0.27869913,-0.65684998,0.54743129,-0.275934428,-0.641807497,0.560569584
-0.275934428,-0.641807497,0.560569584,-0.286984265,-0.645527482,0.559838951
-0.286984265,-0.645527482,0.559838951,-0.302907437,-0.651308179,0.555831492
-0.302907437,-0.651308179,0.555831492,-0.318194538,-0.656437635,0.554289758
-0.318194538,-0.656437635,0.554289758,-0.333376586,-0.661171615,0.553431332
-0.333376586,-0.661171615,0.553431332,-0.349091947,-0.665918887,0.552097499
-0.349091947,-0.665918887,0.552097499,-0.365160942,-0.67039901,0.550475061
-0.365160942,-0.67039901,0.550475061,-0.381499439,-0.674442053,0.548683822
-0.381499439,-0.674442053,0.548683822,-0.398124397,-0.678063989,0.546701849
-0.398124397,-0.678063989,0.546701849,-0.415032834,-0.681280136,0.544474304
-0.415032834,-0.681280136,0.544474304,-0.43212387,-0.684042811,0.542012274
-0.43212387,-0.684042811,0.542012274,-0.449509174,-0.686382651,0.539328158
-0.449509174,-0.686382651,0.539328158,-0.467119843,-0.688251197,0.536411107
-0.467119843,-0.688251197,0.536411107,-0.484275162,-0.688597441,0.53649503
-0.484275162,-0.688597441,0.53649503,-0.499194831,-0.683701336,0.545895398
-0.499194831,-0.683701336,0.545895398,-0.512841284,-0.675350726,0.557524621
-0.512841284,-0.675350726,0.557524621,-0.526064932,-0.665715456,0.561852992
-0.526064932,-0.665715456,0.561852992,-0.539595246,-0.656262636,0.562147677
-0.539595246,-0.656262636,0.562147677,-0.582520604,-0.619434714,0.5625543
-0.582520604,-0.619434714,0.5625543,-0.596852779,-0.621589839,0.563816011
-0.596852779,-0.621589839,0.563816011,-0.617600322,-0.621726394,0.560055554
-0.617600322,-0.621726394,0.560055554,-0.636877477,-0.61946249,0.55648917
-0.636877477,-0.61946249,0.55648917,-0.654765844,-0.615611434,0.551600039
-0.654765844,-0.615611434,0.551600039,-0.670542717,-0.611615896,0.539200485
-0.670542717,-0.611615896,0.539200485,-0.682594717,-0.619405031,0.511722147
-0.682594717,-0.619405031,0.511722147,-0.68433398,-0.621277571,0.489650488
-0.68433398,-0.621277571,0.489650488,-0.689633429,-0.62826848,0.454582334
-0.689633429,-0.62826848,0.454582334,-0.691330671,-0.63146764,0.42943275
-0.691330671,-0.63146764,0.42943275,-0.689488947,-0.629448235,0.41761899
-0.689488947,-0.629448235,0.41761899,-0.687461972,-0.626502275,0.407805443
-0.687461972,-0.626502275,0.407805443,-0.681910574,-0.618739843,0.361688316
-0.681910574,-0.618739843,0.361688316,-0.681910574,-0.618739843,0.361688316
-0.37870881,-0.649156868,0.413700044,-0.364922851,-0.642279685,0.411640823
-0.364922851,-0.642279685,0.411640823,-0.348756194,-0.638069332,0.417332411
-0.348756194,-0.638069332,0.417332411,-0.333781242,-0.635576427,0.426787913
-0.333781242,-0.635576427,0.426787913,-0.319584459,-0.634306908,0.438302398
-0.319584459,-0.634306908,0.438302398,-0.305691093,-0.633450925,0.450998306
-0.305691093,-0.633450925,0.450998306,-0.292690068,-0.634751976,0.458842933
-0.292690068,-0.634751976,0.458842933,-0.275727183,-0.641224384,0.460704744
-0.275727183,-0.641224384,0.460704744,-0.273460716,-0.643972039,0.439778507
-0.273460716,-0.643972039,0.439778507,-0.272539347,-0.649098396,0.412676692
-0.272539347,-0.649098396,0.412676692,-0.272320807,-0.650836408,0.388920546
-0.272320807,-0.650836408,0.388920546,-0.272364676,-0.651381075,0.365689933
-0.272364676,-0.651381075,0.365689933,-0.272335678,-0.651324093,0.342181683
-0.272335678,-0.651324093,0.342181683,-0.272432685,-0.651628137,0.320310593
-0.272432685,-0.651628137,0.320310593,-0.275454402,-0.670975566,0.31046623
-0.275454402,-0.670975566,0.31046623,-0.275014102,-0.667931736,0.289773583
-0.275014102,-0.667931736,0.289773583,-0.27542311,-0.670477152,0.261195302
-0.27542311,-0.670477152,0.261195302,-0.278594136,-0.673577785,0.280166805
-0.278594136,-0.673577785,0.280166805,-0.280560583,-0.673960209,0.30551815
-0.280560583,-0.673960209,0.30551815,-0.281172901,-0.675276339,0.328609824
-0.281172901,-0.675276339,0.328609824,-0.281336308,-0.676069081,0.351683497
-0.281336308,-0.676069081,0.351683497,-0.2813434,-0.675894916,0.375259578
-0.2813434,-0.675894916,0.375259578,-0.281200856,-0.674890935,0.398994982
-0.281200856,-0.674890935,0.398994982,-0.280928642,-0.673089564,0.422837377
-0.280928642,-0.673089564,0.422837377,-0.280553192,-0.670448422,0.446785927
-0.280553192,-0.670448422,0.446785927,-0.280020386,-0.666949689,0.470818579
-0.280020386,-0.666949689,0.470818579,-0.279321283,-0.662612915,0.494899094
-0.279321283,-0.662612915,0.494899094,-0.278513402,-0.657528996,0.518649399
-0.278513402,-0.657528996,0.518649399,-0.278383285,-0.65520072,0.536076725
-0.278383285,-0.65520072,0.536076725,-0.278701782,-0.656729877,0.547635257
-0.278701782,-0.656729877,0.547635257,-0.275946498,-0.641631663,0.560775697
-0.275946498,-0.641631663,0.560775697,-0.286975443,-0.645397663,0.56008929
-0.286975443,-0.645397663,0.56008929,-0.30295378,-0.651538134,0.556431353
-0.30295378,-0.651538134,0.556431353,-0.318283916,-0.656762481,0.555058181
-0.318283916,-0.656762481,0.555058181,-0.333504647,-0.661547244,0.554231822
-0.333504647,-0.661547244,0.554231822,-0.349243492,-0.666332483,0.552909911
-0.349243492,-0.666332483,0.552909911,-0.365311205,-0.67080766,0.551293552
-0.365311205,-0.67080766,0.551293552,-0.381683081,-0.674853861,0.549518406
-0.381683081,-0.674853861,0.549518406,-0.398277074,-0.678491414,0.547534645
-0.398277074,-0.678491414,0.547534645,-0.415160179,-0.68169862,0.545300782
-0.415160179,-0.68169862,0.545300782,-0.432293981,-0.684468806,0.542858779
-0.432293981,-0.684468806,0.542858779,-0.44966352,-0.686797857,0.54018122
-0.44966352,-0.686797857,0.54018122,-0.466653615,-0.687580347,0.540425956
-0.466653615,-0.687580347,0.540425956,-0.481477052,-0.683039725,0.549886167
-0.481477052,-0.683039725,0.549886167,-0.494743705,-0.674433529,0.559582293
-0.494743705,-0.674433529,0.559582293,-0.508122742,-0.665277779,0.56233269
-0.508122742,-0.665277779,0.56233269,-0.57489711,-0.610756576,0.562684119
-0.57489711,-0.610756576,0.562684119,-0.589210093,-0.61307013,0.564117849
-0.589210093,-0.61307013,0.564117849,-0.609907329,-0.613459527,0.560712636
-0.609907329,-0.613459527,0.560712636,-0.629078388,-0.611501694,0.557567894
-0.629078388,-0.611501694,0.557567894,-0.6466676,-0.607651651,0.55212599
-0.6466676,-0.607651651,0.55212599,-0.662577212,-0.603625357,0.539056957
-0.662577212,-0.603625357,0.539056957,-0.674972892,-0.61078769,0.511880457
-0.674972892,-0.61078769,0.511880457,-0.676606655,-0.612653196,0.489838541
-0.676606655,-0.612653196,0.489838541,-0.681915879,-0.619621634,0.455139577
-0.681915879,-0.619621634,0.455139577,-0.683743834,-0.622915387,0.429394662
-0.683743834,-0.622915387,0.429394662,-0.682011247,-0.62104553,0.416939557
-0.682011247,-0.62104553,0.416939557,-0.679933548,-0.618054211,0.407048106
-0.679933548,-0.618054211,0.407048106,-0.674310088,-0.610181212,0.361920476
-0.674310088,-0.610181212,0.361920476,-0.674310088,-0.610181212,0.361920476
-0.378673881,-0.649054706,0.413987517,-0.364888936,-0.642178416,0.411923051
-0.364888936,-0.642178416,0.411923051,-0.348723054,-0.63796562,0.417610288
-0.348723054,-0.63796562,0.417610288,-0.333749354,-0.635468483,0.427062571
-0.333749354,-0.635468483,0.427062571,-0.319553763,-0.634193718,0.438574195
-0.319553763,-0.634193718,0.438574195,-0.305661738,-0.633332431,0.451267302
-0.305661738,-0.633332431,0.451267302,-0.292662561,-0.634629548,0.459110379
-0.292662561,-0.634629548,0.459110379,-0.275703222,-0.641096115,0.460979164
-0.275703222,-0.641096115,0.460979164,-0.273438692,-0.643851936,0.440053761
-0.273438692,-0.643851936,0.440053761,-0.272519201,-0.648989201,0.412953019
-0.272519201,-0.648989201,0.412953019,-0.272301912,-0.650736809,0.38919729
-0.272301912,-0.650736809,0.38919729,-0.272347271,-0.651290417,0.365966737
-0.272347271,-0.651290417,0.365966737,-0.272319674,-0.651242614,0.342458069
-0.272319674,-0.651242614,0.342458069,-0.27241829,-0.651555061,0.320586503
-0.27241829,-0.651555061,0.320586503,-0.27543959,-0.670905709,0.310750246
-0.27543959,-0.670905709,0.310750246,-0.275000721,-0.667870104,0.290056467
-0.275000721,-0.667870104,0.290056467,-0.275471598,-0.670406818,0.261206031
-0.275471598,-0.670406818,0.261206031,-0.278681964,-0.673504293,0.280394018
-0.278681964,-0.673504293,0.280394018,-0.280570358,-0.673863351,0.305776775
-0.280570358,-0.673863351,0.305776775,-0.281201273,-0.675174594,0.328857124
-0.281201273,-0.675174594,0.328857124,-0.281340659,-0.675972521,0.351931036
-0.281340659,-0.675972521,0.351931036,-0.281321347,-0.675785184,0.375504792
-0.281321347,-0.675785184,0.375504792,-0.281210154,-0.674773276,0.39924258
-0.281210154,-0.674773276,0.39924258,-0.280930787,-0.672962487,0.423087537
-0.280930787,-0.672962487,0.423087537,-0.280520648,-0.670306146,0.447034717
-0.280520648,-0.670306146,0.447034717,-0.279987305,-0.666810095,0.47106427
-0.279987305,-0.666810095,0.47106427,-0.279297948,-0.662474215,0.495141566
-0.279297948,-0.662474215,0.495141566,-0.278502017,-0.657367289,0.518885314
-0.278502017,-0.657367289,0.518885314,-0.278345585,-0.655034125,0.53631717
-0.278345585,-0.655034125,0.53631717,-0.278641552,-0.656576753,0.54788059
-0.278641552,-0.656576753,0.54788059,-0.275916725,-0.641451538,0.561016977
-0.275916725,-0.641451538,0.561016977,-0.286932915,-0.645196259,0.560308158
-0.286932915,-0.645196259,0.560308158,-0.302862555,-0.651100576,0.556421101
-0.302862555,-0.651100576,0.556421101,-0.318144947,-0.65626657,0.55494529
-0.318144947,-0.65626657,0.55494529,-0.333349794,-0.661018193,0.554116786
-0.333349794,-0.661018193,0.554116786,-0.349098295,-0.665790141,0.552783787
-0.349098295,-0.665790141,0.552783787,-0.365154564,-0.670262933,0.551171005
-0.365154564,-0.670262933,0.551171005,-0.381510377,-0.674310923,0.549400032
-0.381510377,-0.674310923,0.549400032,-0.398111284,-0.677935243,0.547418416
-0.398111284,-0.677935243,0.547418416,-0.414994001,-0.681158841,0.545198262
-0.414994001,-0.681158841,0.545198262,-0.432114571,-0.683930933,0.542746484
-0.432114571,-0.683930933,0.542746484,-0.449485719,-0.686270595,0.540070474
-0.449485719,-0.686270595,0.540070474,-0.467062861,-0.688121974,0.537293494
-0.467062861,-0.688121974,0.537293494,-0.48354435,-0.687162519,0.540231407
-0.48354435,-0.687162519,0.540231407,-0.497957438,-0.681071699,0.551617682
-0.497957438,-0.681071699,0.551617682,-0.511162221,-0.671892345,0.560559094
-0.511162221,-0.671892345,0.560559094,-0.524625003,-0.662552118,0.562654912
-0.524625003,-0.662552118,0.562654912,-0.572914779,-0.623079062,0.563013613
-0.572914779,-0.623079062,0.563013613,-0.587223649,-0.625458598,0.564340293
-0.587223649,-0.625458598,0.564340293,-0.607940316,-0.625929356,0.560716569
-0.607940316,-0.625929356,0.560716569,-0.627230108,-0.624015808,0.55731529
-0.627230108,-0.624015808,0.55731529,-0.644948602,-0.620201409,0.551736653
-0.644948602,-0.620201409,0.551736653,-0.660964072,-0.616230905,0.538555562
-0.660964072,-0.616230905,0.538555562,-0.673028231,-0.623113275,0.512229741
-0.673028231,-0.623113275,0.512229741,-0.67465049,-0.624975204,0.490150988
-0.67465049,-0.624975204,0.490150988,-0.679914951,-0.632090092,0.455245376
-0.679914951,-0.632090092,0.455245376,-0.681689441,-0.635351777,0.42985481
-0.681689441,-0.635351777,0.42985481,-0.67988199,-0.633350611,0.417787611
-0.67988199,-0.633350611,0.417787611,-0.677901685,-0.630379438,0.407935977
-0.677901685,-0.630379438,0.407935977,-0.672364533,-0.622532308,0.362285733
-0.672364533,-0.622532308,0.362285733,-0.672364533,-0.622532308,0.362285733
-0.378635406,-0.648945987,0.414271295,-0.364851624,-0.642070234,0.412201703
-0.364851624,-0.642070234,0.412201703,-0.348687232,-0.637855053,0.41788435
-0.348687232,-0.637855053,0.41788435,-0.333714485,-0.635353565,0.427333355
-0.333714485,-0.635353565,0.427333355,-0.319520354,-0.634073853,0.438841939
-0.319520354,-0.634073853,0.438841939,-0.305629551,-0.633207023,0.451532364
-0.305629551,-0.633207023,0.451532364,-0.292631984,-0.634500802,0.459373772
-0.292631984,-0.634500802,0.459373772,-0.275677592,-0.640967965,0.461238921
-0.275677592,-0.640967965,0.461238921,-0.27341491,-0.643731296,0.440315008
-0.27341491,-0.643731296,0.440315008,-0.272497445,-0.648878872,0.413215637
-0.272497445,-0.648878872,0.413215637,-0.272281826,-0.650635421,0.389459908
-0.272281826,-0.650635421,0.389459908,-0.272328407,-0.651197851,0.366230011
-0.272328407,-0.651197851,0.366230011,-0.27230221,-0.651159108,0.342721283
-0.27230221,-0.651159108,0.342721283,-0.27240175,-0.651480138,0.320849836
-0.27240175,-0.651480138,0.320849836,-0.275424987,-0.670836568,0.311013222
-0.275424987,-0.670836568,0.311013222,-0.274987489,-0.667808235,0.290318727
-0.274987489,-0.667808235,0.290318727,-0.275076717,-0.670428813,0.26125282
-0.275076717,-0.670428813,0.26125282,-0.278576493,-0.673461318,0.280604005
-0.278576493,-0.673461318,0.280604005,-0.280514836,-0.673809052,0.306020677
-0.280514836,-0.673809052,0.306020677,-0.281139493,-0.67512542,0.329083502
-0.281139493,-0.67512542,0.329083502,-0.281292051,-0.675902963,0.352168143
-0.281292051,-0.675902963,0.352168143,-0.281291217,-0.675714254,0.37574482
-0.281291217,-0.675714254,0.37574482,-0.281151593,-0.674690604,0.399477124
-0.281151593,-0.674690604,0.399477124,-0.280882269,-0.672866881,0.423315227
-0.280882269,-0.672866881,0.423315227,-0.280479372,-0.670215309,0.447262406
-0.280479372,-0.670215309,0.447262406,-0.279935539,-0.666710615,0.47129792
-0.279935539,-0.666710615,0.47129792,-0.279243529,-0.662362397,0.495371878
-0.279243529,-0.662362397,0.495371878,-0.278452694,-0.657252371,0.519118369
-0.278452694,-0.657252371,0.519118369,-0.278265655,-0.654904723,0.536545217
-0.278265655,-0.654904723,0.536545217,-0.278559834,-0.656436741,0.548108757
-0.278559834,-0.656436741,0.548108757,-0.275862992,-0.641292989,0.56126684
-0.275862992,-0.641292989,0.56126684,-0.28682977,-0.645058513,0.560554326
-0.28682977,-0.645058513,0.560554326,-0.302796066,-0.65081197,0.556554496
-0.302796066,-0.65081197,0.556554496,-0.318085164,-0.655929327,0.555020034
-0.318085164,-0.655929327,0.555020034,-0.333303481,-0.660670817,0.554170907
-0.333303481,-0.660670817,0.554170907,-0.349010557,-0.66542685,0.552847564
-0.349010557,-0.66542685,0.552847564,-0.365084499,-0.669902027,0.551236451
-0.365084499,-0.669902027,0.551236451,-0.381406248,-0.673955202,0.549464524
-0.381406248,-0.673955202,0.549464524,-0.398010105,-0.677592039,0.547480881
-0.398010105,-0.677592039,0.547480881,-0.414879292,-0.680793583,0.545268834
-0.414879292,-0.680793583,0.545268834,-0.432007462,-0.683556974,0.542831481
-0.432007462,-0.683556974,0.542831481,-0.449367732,-0.685899377,0.540158808
-0.449367732,-0.685899377,0.540158808,-0.466960996,-0.687773347,0.537262022
-0.466960996,-0.687773347,0.537262022,-0.48424387,-0.688339412,0.536749065
-0.48424387,-0.688339412,0.536749065,-0.499354273,-0.683791399,0.545522511
-0.499354273,-0.683791399,0.545522511,-0.513054788,-0.675663352,0.557493865
-0.513054788,-0.675663352,0.557493865,-0.526259422,-0.665976048,0.562421739
-0.526259422,-0.665976048,0.562421739,-0.539759934,-0.65651226,0.562859952
-0.539759934,-0.65651226,0.562859952,-0.593169749,-0.609907091,0.563255966
-0.593169749,-0.609907091,0.563255966,-0.607497275,-0.611885071,0.564518034
-0.607497275,-0.611885071,0.564518034,-0.628238678,-0.61160332,0.560699999
-0.628238678,-0.61160332,0.560699999,-0.647515476,-0.608989418,0.55708462
-0.647515476,-0.608989418,0.55708462,-0.66552484,-0.605056167,0.552827179
-0.66552484,-0.605056167,0.552827179,-0.680940628,-0.601103663,0.541462958
-0.680940628,-0.601103663,0.541462958,-0.693258286,-0.609987676,0.512480676
-0.693258286,-0.609987676,0.512480676,-0.694962919,-0.611848116,0.490374982
-0.694962919,-0.611848116,0.490374982,-0.700455725,-0.618841767,0.455288887
-0.700455725,-0.618841767,0.455288887,-0.702215254,-0.621953845,0.430219114
-0.702215254,-0.621953845,0.430219114,-0.700304747,-0.619938254,0.418481708
-0.700304747,-0.619938254,0.418481708,-0.698295176,-0.617068768,0.408644795
-0.698295176,-0.617068768,0.408644795,-0.692663848,-0.609453082,0.362552404
-0.692663848,-0.609453082,0.362552404,-0.692663848,-0.609453082,0.362552404
-0.378608197,-0.648836493,0.414566755,-0.364825547,-0.641961515,0.412492335
-0.364825547,-0.641961515,0.412492335,-0.34866184,-0.637744129,0.418170393
-0.34866184,-0.637744129,0.418170393,-0.333690137,-0.635238528,0.427615643
-0.333690137,-0.635238528,0.427615643,-0.319497198,-0.63395381,0.439121664
-0.319497198,-0.63395381,0.439121664,-0.305607796,-0.633081675,0.451809824
-0.305607796,-0.633081675,0.451809824,-0.292612314,-0.634371936,0.45964998
-0.292612314,-0.634371936,0.45964998,-0.27566129,-0.640839636,0.461505353
-0.27566129,-0.640839636,0.461505353,-0.273400515,-0.643610835,0.440582156
-0.273400515,-0.643610835,0.440582156,-0.272485197,-0.648768663,0.413483739
-0.272485197,-0.648768663,0.413483739,-0.272270828,-0.65053457,0.389728785
-0.272270828,-0.65053457,0.389728785,-0.27231881,-0.65110606,0.366498709
-0.27231881,-0.65110606,0.366498709,-0.272294044,-0.651076257,0.342989743
-0.272294044,-0.651076257,0.342989743,-0.272395134,-0.651405334,0.321117878
-0.272395134,-0.651405334,0.321117878,-0.275419265,-0.670763671,0.311297119
-0.275419265,-0.670763671,0.311297119,-0.274983078,-0.667743504,0.29060185
-0.274983078,-0.667743504,0.29060185,-0.275298536,-0.670065284,0.261401057
-0.275298536,-0.670065284,0.261401057,-0.278604299,-0.673369408,0.280831099
-0.278604299,-0.673369408,0.280831099,-0.280518532,-0.67371726,0.306283295
-0.280518532,-0.67371726,0.306283295,-0.281139702,-0.675040007,0.329328835
-0.281139702,-0.675040007,0.329328835,-0.281286597,-0.675819635,0.352405012
-0.281286597,-0.675819635,0.352405012,-0.281271815,-0.675615907,0.375984609
-0.281271815,-0.675615907,0.375984609,-0.281144142,-0.674591839,0.399717748
-0.281144142,-0.674591839,0.399717748,-0.280881017,-0.672760963,0.423556268
-0.280881017,-0.672760963,0.423556268,-0.280468971,-0.670094311,0.447505474
-0.280468971,-0.670094311,0.447505474,-0.279921591,-0.666577816,0.471536458
-0.279921591,-0.666577816,0.471536458,-0.279227436,-0.662215948,0.495609462
-0.279227436,-0.662215948,0.495609462,-0.278427094,-0.657098413,0.519351184
-0.278427094,-0.657098413,0.519351184,-0.278266519,-0.654752612,0.53678304
-0.278266519,-0.654752612,0.53678304,-0.278566003,-0.656274915,0.548343003
-0.278566003,-0.656274915,0.548343003,-0.275852352,-0.641147733,0.561499774
-0.275852352,-0.641147733,0.561499774,-0.286827594,-0.644894481,0.56079632
-0.286827594,-0.644894481,0.56079632,-0.302743763,-0.650482118,0.556638539
-0.302743763,-0.650482118,0.556638539,-0.318005055,-0.655536473,0.555015266
-0.318005055,-0.655536473,0.555015266,-0.333203346,-0.660250425,0.55415386
-0.333203346,-0.660250425,0.55415386,-0.348908454,-0.66500622,0.552824795
-0.348908454,-0.66500622,0.552824795,-0.364969343,-0.669484973,0.551212728
-0.364969343,-0.669484973,0.551212728,-0.381292015,-0.67353034,0.549451888
-0.381292015,-0.67353034,0.549451888,-0.397890598,-0.677156806,0.547485054
-0.397890598,-0.677156806,0.547485054,-0.414753288,-0.680377901,0.545270145
-0.414753288,-0.680377901,0.545270145,-0.431874663,-0.683161199,0.54283005
-0.431874663,-0.683161199,0.54283005,-0.449225456,-0.685494065,0.540165603
-0.449225456,-0.685494065,0.540165603,-0.466804862,-0.687369406,0.537272155
-0.466804862,-0.687369406,0.537272155,-0.484548271,-0.688716888,0.534511626
-0.484548271,-0.688716888,0.534511626,-0.50086081,-0.686667621,0.538652003
-0.50086081,-0.686667621,0.538652003,-0.515163958,-0.679852247,0.55065304
-0.515163958,-0.679852247,0.55065304,-0.528501034,-0.670567691,0.560450971
-0.528501034,-0.670567691,0.560450971,-0.541922867,-0.660871029,0.562982857
-0.541922867,-0.660871029,0.562982857,-0.592917025,-0.617484033,0.563491523
-0.592917025,-0.617484033,0.563491523,-0.607230663,-0.619482458,0.564703882
-0.607230663,-0.619482458,0.564703882,-0.628017843,-0.619206429,0.560701191
-0.628017843,-0.619206429,0.560701191,-0.647351325,-0.616591454,0.556912124
-0.647351325,-0.616591454,0.556912124,-0.665474534,-0.612676561,0.552636683
-0.665474534,-0.612676561,0.552636683,-0.68093574,-0.608782291,0.541327178
-0.68093574,-0.608782291,0.541327178,-0.69300586,-0.617586017,0.512750089
-0.69300586,-0.617586017,0.512750089,-0.694705963,-0.619456172,0.490644038
-0.694705963,-0.619456172,0.490644038,-0.700194657,-0.62652719,0.455424249
-0.700194657,-0.62652719,0.455424249,-0.701919019,-0.629617393,0.430624127
-0.701919019,-0.629617393,0.430624127,-0.699985981,-0.627547085,0.41913116
-0.699985981,-0.627547085,0.41913116,-0.698012829,-0.62468034,0.409332037
-0.698012829,-0.62468034,0.409332037,-0.692436159,-0.617073357,0.362877786
-0.692436159,-0.617073357,0.362877786,-0.692436159,-0.617073357,0.362877786
-0.378569335,-0.648699939,0.414926827,-0.364787787,-0.641825855,0.412846029
-0.364787787,-0.641825855,0.412846029,-0.348625451,-0.637605309,0.418518066
-0.348625451,-0.637605309,0.418518066,-0.333655357,-0.635094643,0.427959025
-0.333655357,-0.635094643,0.427959025,-0.319463938,-0.633803785,0.439461648
-0.319463938,-0.633803785,0.439461648,-0.305576056,-0.632925034,0.452146411
-0.305576056,-0.632925034,0.452146411,-0.292582989,-0.634210706,0.459984601
-0.292582989,-0.634210706,0.459984601,-0.275638819,-0.640679955,0.461835563
-0.275638819,-0.640679955,0.461835563,-0.27338028,-0.643461049,0.440913677
-0.27338028,-0.643461049,0.440913677,-0.272467852,-0.648631692,0.413816988
-0.272467852,-0.648631692,0.413816988,-0.272255391,-0.650409162,0.390062273
-0.272255391,-0.650409162,0.390062273,-0.272305161,-0.650991499,0.366832614
-0.272305161,-0.650991499,0.366832614,-0.272282332,-0.650973082,0.343323708
-0.272282332,-0.650973082,0.343323708,-0.27238512,-0.65131259,0.321451426
-0.27238512,-0.65131259,0.321451426,-0.275410861,-0.670675933,0.311629772
-0.275410861,-0.670675933,0.311629772,-0.274976343,-0.667665124,0.290933013
-0.274976343,-0.667665124,0.290933013,-0.27535674,-0.670143723,0.261700809
-0.27535674,-0.670143723,0.261700809,-0.278600425,-0.673288047,0.281165838
-0.278600425,-0.673288047,0.281165838,-0.280505955,-0.673636496,0.306613266
-0.280505955,-0.673636496,0.306613266,-0.281125993,-0.674944043,0.329658449
-0.281125993,-0.674944043,0.329658449,-0.281268865,-0.675712109,0.352735221
-0.281268865,-0.675712109,0.352735221,-0.281258434,-0.675492167,0.376314998
-0.281258434,-0.675492167,0.376314998,-0.28113237,-0.67445606,0.400049508
-0.28113237,-0.67445606,0.400049508,-0.280871987,-0.672617555,0.423886895
-0.280871987,-0.672617555,0.423886895,-0.28046006,-0.669941843,0.447835207
-0.28046006,-0.669941843,0.447835207,-0.279904306,-0.666415036,0.47186631
-0.279904306,-0.666415036,0.47186631,-0.279210031,-0.662042856,0.495938063
-0.279210031,-0.662042856,0.495938063,-0.278408408,-0.656915367,0.519676507
-0.278408408,-0.656915367,0.519676507,-0.27824381,-0.654560268,0.537110627
-0.27824381,-0.654560268,0.537110627,-0.278547794,-0.656074226,0.548670709
-0.278547794,-0.656074226,0.548670709,-0.275824308,-0.64094615,0.56182915
-0.275824308,-0.64094615,0.56182915,-0.286828309,-0.64472717,0.561182082
-0.286828309,-0.64472717,0.561182082,-0.302866042,-0.65096724,0.557637632
-0.302866042,-0.65096724,0.557637632,-0.318165362,-0.656214416,0.556319296
-0.318165362,-0.656214416,0.556319296,-0.333396226,-0.661023617,0.555522144
-0.333396226,-0.661023617,0.555522144,-0.349123746,-0.665814519,0.554214895
-0.349123746,-0.665814519,0.554214895,-0.365202814,-0.670299709,0.552615345
-0.365202814,-0.670299709,0.552615345,-0.38154,-0.67433995,0.550867617
-0.38154,-0.67433995,0.550867617,-0.398155063,-0.677969754,0.548900902
-0.398155063,-0.677969754,0.548900902,-0.415034175,-0.681184411,0.546695173
-0.415034175,-0.681184411,0.546695173,-0.432166249,-0.683968425,0.544255316
-0.432166249,-0.683968425,0.544255316,-0.449507207,-0.6862638,0.54184252
-0.449507207,-0.6862638,0.54184252,-0.465634912,-0.685266793,0.545808733
-0.465634912,-0.685266793,0.545808733,-0.479663551,-0.678934693,0.556909382
-0.479663551,-0.678934693,0.556909382,-0.492699474,-0.669736505,0.563070834
-0.492699474,-0.669736505,0.563070834,-0.506191909,-0.660871387,0.563932121
-0.506191909,-0.660871387,0.563932121,-0.566564202,-0.61139679,0.564207733
-0.566564202,-0.61139679,0.564207733,-0.580857456,-0.613833666,0.565729439
-0.580857456,-0.613833666,0.565729439,-0.60153985,-0.614518344,0.562496126
-0.60153985,-0.614518344,0.562496126,-0.620687187,-0.612857044,0.559558213
-0.620687187,-0.612857044,0.559558213,-0.638078153,-0.609048963,0.553418934
-0.638078153,-0.609048963,0.553418934,-0.654215217,-0.605091035,0.539784729
-0.654215217,-0.605091035,0.539784729,-0.666639209,-0.61153096,0.51353687
-0.666639209,-0.61153096,0.51353687,-0.66828227,-0.613413155,0.491507292
-0.66828227,-0.613413155,0.491507292,-0.673538089,-0.620446026,0.456991673
-0.673538089,-0.620446026,0.456991673,-0.67543745,-0.623832226,0.431079686
-0.67543745,-0.623832226,0.431079686,-0.673761129,-0.622037649,0.418376327
-0.673761129,-0.622037649,0.418376327,-0.671726704,-0.61902529,0.408432782
-0.671726704,-0.61902529,0.408432782,-0.666143656,-0.611094236,0.363648593
-0.666143656,-0.611094236,0.363648593,-0.666143656,-0.611094236,0.363648593
-0.378531098,-0.648587823,0.415237904,-0.364750892,-0.641714513,0.41315186
-0.364750892,-0.641714513,0.41315186,-0.348589569,-0.637491524,0.418819487
-0.348589569,-0.637491524,0.418819487,-0.33362031,-0.634976506,0.428256869
-0.33362031,-0.634976506,0.428256869,-0.319429964,-0.633680284,0.439755857
-0.319429964,-0.633680284,0.439755857,-0.305542976,-0.632795751,0.452437878
-0.305542976,-0.632795751,0.452437878,-0.292551756,-0.634077489,0.460274696
-0.292551756,-0.634077489,0.460274696,-0.275612444,-0.640538454,0.462137938
-0.275612444,-0.640538454,0.462137938,-0.273355782,-0.643328249,0.441217184
-0.273355782,-0.643328249,0.441217184,-0.27244541,-0.648511112,0.414121866
-0.27244541,-0.648511112,0.414121866,-0.272234827,-0.650298774,0.390367568
-0.272234827,-0.650298774,0.390367568,-0.272286057,-0.650891483,0.367138147
-0.272286057,-0.650891483,0.367138147,-0.272264719,-0.650883198,0.343628764
-0.272264719,-0.650883198,0.343628764,-0.272368699,-0.651232362,0.321756542
-0.272368699,-0.651232362,0.321756542,-0.275394976,-0.670600235,0.311950207
-0.275394976,-0.670600235,0.311950207,-0.274961978,-0.667598486,0.291252315
-0.274961978,-0.667598486,0.291252315,-0.275342733,-0.669993103,0.26199764
-0.275342733,-0.669993103,0.26199764,-0.27858603,-0.673238277,0.281429768
-0.27858603,-0.673238277,0.281429768,-0.280497819,-0.673571229,0.306878746
-0.280497819,-0.673571229,0.306878746,-0.281113774,-0.674869061,0.329923332
-0.281113774,-0.674869061,0.329923332,-0.281255394,-0.675627232,0.3530007
-0.281255394,-0.675627232,0.3530007,-0.281236589,-0.675403237,0.376582325
-0.281236589,-0.675403237,0.376582325,-0.281106681,-0.674359322,0.400316179
-0.281106681,-0.674359322,0.400316179,-0.280839473,-0.672509313,0.424154758
-0.280839473,-0.672509313,0.424154758,-0.280427188,-0.669821441,0.448104799
-0.280427188,-0.669821441,0.448104799,-0.279872954,-0.666287839,0.472133517
-0.279872954,-0.666287839,0.472133517,-0.27917701,-0.661905348,0.496205926
-0.27917701,-0.661905348,0.496205926,-0.278373867,-0.656771302,0.519942939
-0.278373867,-0.656771302,0.519942939,-0.278207928,-0.654408574,0.537378252
-0.278207928,-0.654408574,0.537378252,-0.278506011,-0.655920744,0.548939407
-0.278506011,-0.655920744,0.548939407,-0.275791913,-0.640780389,0.562073052
-0.275791913,-0.640780389,0.562073052,-0.286769271,-0.644517303,0.561394513
-0.286769271,-0.644517303,0.561394513,-0.302754521,-0.650458813,0.557545602
-0.302754521,-0.650458813,0.557545602,-0.318040252,-0.655630291,0.556100547
-0.318040252,-0.655630291,0.556100547,-0.33325395,-0.660394132,0.555289567
-0.33325395,-0.660394132,0.555289567,-0.348967791,-0.665169418,0.553981006
-0.348967791,-0.665169418,0.553981006,-0.365035385,-0.669652879,0.55238384
-0.365035385,-0.669652879,0.55238384,-0.381363124,-0.673699498,0.550635397
-0.381363124,-0.673699498,0.550635397,-0.397962093,-0.67733109,0.548674524
-0.397962093,-0.67733109,0.548674524,-0.41483143,-0.680550575,0.546472728
-0.41483143,-0.680550575,0.546472728,-0.431953549,-0.68333602,0.544039309
-0.431953549,-0.68333602,0.544039309,-0.449313015,-0.685671806,0.541381419
-0.449313015,-0.685671806,0.541381419,-0.466852874,-0.687492788,0.538833797
-0.466852874,-0.687492788,0.538833797,-0.483028263,-0.685887635,0.543048441
-0.483028263,-0.685887635,0.543048441,-0.497222304,-0.679357052,0.554858148
-0.497222304,-0.679357052,0.554858148,-0.510314286,-0.669976652,0.562585056
-0.510314286,-0.669976652,0.562585056,-0.523805439,-0.660727084,0.564055502
-0.523805439,-0.660727084,0.564055502,-0.589515924,-0.604655564,0.564415038
-0.589515924,-0.604655564,0.564415038,-0.603836596,-0.606653035,0.565804899
-0.603836596,-0.606653035,0.565804899,-0.624584973,-0.606514513,0.562176406
-0.624584973,-0.606514513,0.562176406,-0.643765211,-0.604037225,0.55877167
-0.643765211,-0.604037225,0.55877167,-0.661640108,-0.600123167,0.554391921
-0.661640108,-0.600123167,0.554391921,-0.677118242,-0.596155822,0.542656839
-0.677118242,-0.596155822,0.542656839,-0.689602375,-0.604818881,0.513743699
-0.689602375,-0.604818881,0.513743699,-0.691305637,-0.60668385,0.491682827
-0.691305637,-0.60668385,0.491682827,-0.69681704,-0.613683641,0.45675993
-0.69681704,-0.613683641,0.45675993,-0.698677838,-0.616906047,0.431411862
-0.698677838,-0.616906047,0.431411862,-0.696821928,-0.61498487,0.41937834
-0.696821928,-0.61498487,0.41937834,-0.694783151,-0.612078071,0.409524381
-0.694783151,-0.612078071,0.409524381,-0.689117551,-0.604425788,0.363892496
-0.689117551,-0.604425788,0.363892496,-0.689117551,-0.604425788,0.363892496
-0.378493994,-0.648476481,0.415540099,-0.364714682,-0.641604364,0.413448572
-0.364714682,-0.641604364,0.413448572,-0.348554432,-0.637378871,0.41911149
-0.348554432,-0.637378871,0.41911149,-0.333586484,-0.634859502,0.428545475
-0.333586484,-0.634859502,0.428545475,-0.319397241,-0.633557856,0.440041423
-0.319397241,-0.633557856,0.440041423,-0.305511981,-0.632667482,0.45272094
-0.305511981,-0.632667482,0.45272094,-0.29252243,-0.633945465,0.460555971
-0.29252243,-0.633945465,0.460555971,-0.275589466,-0.640408397,0.462407649
-0.275589466,-0.640408397,0.462407649,-0.273334771,-0.643205941,0.441487551
-0.273334771,-0.643205941,0.441487551,-0.272426665,-0.648399413,0.414393425
-0.272426665,-0.648399413,0.414393425,-0.272217304,-0.650196493,0.390639842
-0.272217304,-0.650196493,0.390639842,-0.272269905,-0.650797963,0.367410183
-0.272269905,-0.650797963,0.367410183,-0.272250175,-0.650798798,0.3439008
-0.272250175,-0.650798798,0.3439008,-0.272355646,-0.651156306,0.322028339
-0.272355646,-0.651156306,0.322028339,-0.275380701,-0.670523107,0.312236667
-0.275380701,-0.670523107,0.312236667,-0.274949163,-0.667529464,0.29153806
-0.274949163,-0.667529464,0.29153806,-0.275275141,-0.670188844,0.262299597
-0.275275141,-0.670188844,0.262299597,-0.27855885,-0.673178375,0.281749308
-0.27855885,-0.673178375,0.281749308,-0.280478626,-0.673480332,0.307207644
-0.280478626,-0.673480332,0.307207644,-0.281094044,-0.674770474,0.330249488
-0.281094044,-0.674770474,0.330249488,-0.281233668,-0.675519049,0.353326201
-0.281233668,-0.675519049,0.353326201,-0.281212926,-0.67528522,0.376907408
-0.281212926,-0.67528522,0.376907408,-0.281080961,-0.674230993,0.400641203
-0.281080961,-0.674230993,0.400641203,-0.280811906,-0.672370255,0.42447871
-0.280811906,-0.672370255,0.42447871,-0.280398071,-0.669671655,0.448427677
-0.280398071,-0.669671655,0.448427677,-0.279842138,-0.666127503,0.472455323
-0.279842138,-0.666127503,0.472455323,-0.279144764,-0.661734283,0.496525228
-0.279144764,-0.661734283,0.496525228,-0.278339714,-0.656589568,0.520260632
-0.278339714,-0.656589568,0.520260632,-0.278172851,-0.654219985,0.537695348
-0.278172851,-0.654219985,0.537695348,-0.278469503,-0.655726731,0.549256861
-0.278469503,-0.655726731,0.549256861,-0.275748402,-0.640581191,0.562378824
-0.275748402,-0.640581191,0.562378824,-0.286739558,-0.64439863,0.56176275
-0.286739558,-0.64439863,0.56176275,-0.302793503,-0.650689065,0.558279455
-0.302793503,-0.650689065,0.558279455,-0.318096429,-0.655945301,0.55698806
-0.318096429,-0.655945301,0.55698806,-0.333330363,-0.660758793,0.556204498
-0.333330363,-0.660758793,0.556204498,-0.349056989,-0.665551841,0.554906428
-0.349056989,-0.665551841,0.554906428,-0.365131825,-0.670036912,0.553320706
-0.365131825,-0.670036912,0.553320706,-0.381467164,-0.674083233,0.55158025
-0.381467164,-0.674083233,0.55158025,-0.398074836,-0.677714527,0.54962486
-0.398074836,-0.677714527,0.54962486,-0.414952397,-0.680932641,0.547427595
-0.414952397,-0.680932641,0.547427595,-0.432082236,-0.683716953,0.544999897
-0.432082236,-0.683716953,0.544999897,-0.449334443,-0.685870588,0.543100655
-0.449334443,-0.685870588,0.543100655,-0.464974701,-0.683836102,0.548966587
-0.464974701,-0.683836102,0.548966587,-0.4786053,-0.676639676,0.559705913
-0.4786053,-0.676639676,0.559705913,-0.4917202,-0.667505026,0.564229906
-0.4917202,-0.667505026,0.564229906,-0.505213499,-0.658688128,0.564561307
-0.505213499,-0.658688128,0.564561307,-0.573885977,-0.60111922,0.564907253
-0.573885977,-0.60111922,0.564907253,-0.588180006,-0.603390932,0.566476166
-0.588180006,-0.603390932,0.566476166,-0.608855367,-0.603796482,0.563298166
-0.608855367,-0.603796482,0.563298166,-0.62794596,-0.601887345,0.560411632
-0.62794596,-0.601887345,0.560411632,-0.645379901,-0.598041296,0.554948628
-0.645379901,-0.598041296,0.554948628,-0.661285102,-0.594029605,0.54186362
-0.661285102,-0.594029605,0.54186362,-0.673962712,-0.60131526,0.514291227
-0.673962712,-0.60131526,0.514291227,-0.675649822,-0.603204489,0.49226588
-0.675649822,-0.603204489,0.49226588,-0.681006432,-0.610169947,0.457800686
-0.681006432,-0.610169947,0.457800686,-0.682972908,-0.613561809,0.431850851
-0.682972908,-0.613561809,0.431850851,-0.681280792,-0.611823142,0.419075787
-0.681280792,-0.611823142,0.419075787,-0.679212391,-0.608839035,0.409113348
-0.679212391,-0.608839035,0.409113348,-0.673546612,-0.600995004,0.364432275
-0.673546612,-0.600995004,0.364432275,-0.673546612,-0.600995004,0.364432275
-0.378448188,-0.648340166,0.415891409,-0.364670247,-0.641468585,0.41379416
-0.364670247,-0.641468585,0.41379416,-0.348511249,-0.637239933,0.419450819
-0.348511249,-0.637239933,0.419450819,-0.333545119,-0.634715199,0.428879976
-0.333545119,-0.634715199,0.428879976,-0.319357693,-0.633407414,0.440372825
-0.319357693,-0.633407414,0.440372825,-0.305473864,-0.632510483,0.453048527
-0.305473864,-0.632510483,0.453048527,-0.292486608,-0.633784413,0.460881412
-0.292486608,-0.633784413,0.460881412,-0.275558591,-0.640243351,0.462735593
-0.275558591,-0.640243351,0.462735593,-0.273305923,-0.643050849,0.44181639
-0.273305923,-0.643050849,0.44181639,-0.272400111,-0.648257077,0.414724231
-0.272400111,-0.648257077,0.414724231,-0.272193044,-0.650065362,0.390971422
-0.272193044,-0.650065362,0.390971422,-0.272247672,-0.650677919,0.367742658
-0.272247672,-0.650677919,0.367742658,-0.272229493,-0.65068996,0.344232917
-0.272229493,-0.65068996,0.344232917,-0.272336543,-0.651058018,0.322360516
-0.272336543,-0.651058018,0.322360516,-0.275362253,-0.670429349,0.31257838
-0.275362253,-0.670429349,0.31257838,-0.274932325,-0.6674456,0.291878879
-0.274932325,-0.6674456,0.291878879,-0.275206745,-0.670077503,0.262619615
-0.275206745,-0.670077503,0.262619615,-0.278547525,-0.673096478,0.282060444
-0.278547525,-0.673096478,0.282060444,-0.280458778,-0.67339164,0.307525635
-0.280458778,-0.67339164,0.307525635,-0.281071663,-0.674672186,0.330568433
-0.281071663,-0.674672186,0.330568433,-0.281210244,-0.675411403,0.353644669
-0.281210244,-0.675411403,0.353644669,-0.281188309,-0.675166488,0.377226233
-0.281188309,-0.675166488,0.377226233,-0.281054884,-0.674101889,0.400959611
-0.281054884,-0.674101889,0.400959611,-0.280783921,-0.672230721,0.424796522
-0.280783921,-0.672230721,0.424796522,-0.28036797,-0.669521689,0.448744297
-0.28036797,-0.669521689,0.448744297,-0.279810458,-0.665966928,0.472769976
-0.279810458,-0.665966928,0.472769976,-0.279111207,-0.661563098,0.49683851
-0.279111207,-0.661563098,0.49683851,-0.278304964,-0.65640837,0.520571768
-0.278304964,-0.65640837,0.520571768,-0.278137922,-0.65403074,0.538006127
-0.278137922,-0.65403074,0.538006127,-0.278433293,-0.655531526,0.549568594
-0.278433293,-0.655531526,0.549568594,-0.275707781,-0.64037323,0.562695086
-0.275707781,-0.64037323,0.562695086,-0.286668688,-0.644131124,0.561998308
-0.286668688,-0.644131124,0.561998308,-0.30263865,-0.649968505,0.558094442
-0.30263865,-0.649968505,0.558094442,-0.317909747,-0.655116081,0.556625187
-0.317909747,-0.655116081,0.556625187,-0.333110541,-0.659873724,0.55581373
-0.333110541,-0.659873724,0.55581373,-0.348812133,-0.664647698,0.554514825
-0.348812133,-0.664647698,0.554514825,-0.364869416,-0.669133306,0.552927196
-0.364869416,-0.669133306,0.552927196,-0.381187826,-0.673184156,0.551188529
-0.381187826,-0.673184156,0.551188529,-0.397777677,-0.676820278,0.549238503
-0.397777677,-0.676820278,0.549238503,-0.414638072,-0.68004477,0.547047198
-0.414638072,-0.68004477,0.547047198,-0.431751549,-0.682835519,0.544625103
-0.431751549,-0.682835519,0.544625103,-0.449103028,-0.685177386,0.54197818
-0.449103028,-0.685177386,0.54197818,-0.466678381,-0.687058568,0.539129674
-0.466678381,-0.687058568,0.539129674,-0.483463198,-0.686697423,0.540837586
-0.483463198,-0.686697423,0.540837586,-0.498040646,-0.681041479,0.551505625
-0.498040646,-0.681041479,0.551505625,-0.511363924,-0.672183156,0.561736166
-0.511363924,-0.672183156,0.561736166,-0.524714947,-0.662720442,0.564666092
-0.524714947,-0.662720442,0.564666092,-0.595394671,-0.602371454,0.565150201
-0.595394671,-0.602371454,0.565150201,-0.60972321,-0.604262531,0.566478789
-0.60972321,-0.604262531,0.566478789,-0.630472243,-0.603886306,0.562779605
-0.630472243,-0.603886306,0.562779605,-0.649660945,-0.601205111,0.559275806
-0.649660945,-0.601205111,0.559275806,-0.667640448,-0.597239912,0.555213511
-0.667640448,-0.597239912,0.555213511,-0.682944536,-0.593354464,0.544089139
-0.682944536,-0.593354464,0.544089139,-0.695486426,-0.602595806,0.514536083
-0.695486426,-0.602595806,0.514536083,-0.697222114,-0.604475975,0.492459893
-0.697222114,-0.604475975,0.492459893,-0.702815473,-0.611476064,0.457455695
-0.702815473,-0.611476064,0.457455695,-0.7046718,-0.614666462,0.432276785
-0.7046718,-0.614666462,0.432276785,-0.70278132,-0.612723649,0.420415938
-0.70278132,-0.612723649,0.420415938,-0.700749099,-0.609858513,0.410576522
-0.700749099,-0.609858513,0.410576522,-0.695094705,-0.602318108,0.364677906
-0.695094705,-0.602318108,0.364677906,-0.695094705,-0.602318108,0.364677906
-0.378409058,-0.648221135,0.416204393,-0.364632338,-0.64135021,0.41410166
-0.364632338,-0.64135021,0.41410166,-0.348474622,-0.637118995,0.419753671
-0.348474622,-0.637118995,0.419753671,-0.333509922,-0.634589672,0.429179013
-0.333509922,-0.634589672,0.429179013,-0.319323868,-0.633276582,0.440668523
-0.319323868,-0.633276582,0.440668523,-0.305441588,-0.632373452,0.453341305
-0.305441588,-0.632373452,0.453341305,-0.292456776,-0.633643091,0.46117264
-0.292456776,-0.633643091,0.46117264,-0.275534242,-0.640101135,0.463025391
-0.275534242,-0.640101135,0.463025391,-0.27328375,-0.642917216,0.442107797
-0.27328375,-0.642917216,0.442107797,-0.272380412,-0.648134708,0.415017009
-0.272380412,-0.648134708,0.415017009,-0.272174776,-0.649953008,0.391264081
-0.272174776,-0.649953008,0.391264081,-0.272230744,-0.65057528,0.368035555
-0.272230744,-0.65057528,0.368035555,-0.272214085,-0.650597155,0.344525993
-0.272214085,-0.650597155,0.344525993,-0.272322625,-0.650973976,0.322653353
-0.272322625,-0.650973976,0.322653353,-0.275348336,-0.670345247,0.31289953
-0.275348336,-0.670345247,0.31289953,-0.274920017,-0.667370379,0.292198777
-0.274920017,-0.667370379,0.292198777,-0.275008738,-0.669931531,0.262936831
-0.275008738,-0.669931531,0.262936831,-0.278516829,-0.673005462,0.282382727
-0.278516829,-0.673005462,0.282382727,-0.280445874,-0.673302531,0.307839453
-0.280445874,-0.673302531,0.307839453,-0.281054527,-0.674571812,0.330884993
-0.281054527,-0.674571812,0.330884993,-0.281189829,-0.675299525,0.353962779
-0.281189829,-0.675299525,0.353962779,-0.281166315,-0.675044298,0.377544165
-0.281166315,-0.675044298,0.377544165,-0.28103134,-0.67396909,0.401276946
-0.28103134,-0.67396909,0.401276946,-0.280759215,-0.672087491,0.425113201
-0.280759215,-0.672087491,0.425113201,-0.280341744,-0.66936785,0.449060023
-0.280341744,-0.66936785,0.449060023,-0.279782534,-0.665802717,0.473084092
-0.279782534,-0.665802717,0.473084092,-0.279081315,-0.661388457,0.497150242
-0.279081315,-0.661388457,0.497150242,-0.278273523,-0.656223476,0.520881116
-0.278273523,-0.656223476,0.520881116,-0.278106302,-0.653839707,0.538313448
-0.278106302,-0.653839707,0.538313448,-0.278400064,-0.655335069,0.549876392
-0.278400064,-0.655335069,0.549876392,-0.275677979,-0.640177429,0.562995017
-0.275677979,-0.640177429,0.562995017,-0.286664516,-0.644080281,0.562444866
-0.286664516,-0.644080281,0.562444866,-0.302747965,-0.650488198,0.559120595
-0.302747965,-0.650488198,0.559120595,-0.318059981,-0.655781627,0.557884753
-0.318059981,-0.655781627,0.557884753,-0.333296388,-0.660614789,0.557119668
-0.333296388,-0.660614789,0.557119668,-0.349022061,-0.66541636,0.55583483
-0.349022061,-0.66541636,0.55583483,-0.365095168,-0.66990447,0.554261982
-0.365095168,-0.66990447,0.554261982,-0.381428927,-0.673953593,0.55253309
-0.381428927,-0.673953593,0.55253309,-0.398034632,-0.677587271,0.550588071
-0.398034632,-0.677587271,0.550588071,-0.414910585,-0.680808306,0.548401535
-0.414910585,-0.680808306,0.548401535,-0.432039261,-0.683595061,0.545984209
-0.432039261,-0.683595061,0.545984209,-0.448650122,-0.684487045,0.547175229
-0.448650122,-0.684487045,0.547175229,-0.463100374,-0.679740608,0.556930721
-0.463100374,-0.679740608,0.556930721,-0.476057529,-0.670920491,0.563952029
-0.476057529,-0.670920491,0.563952029,-0.48948133,-0.662254035,0.565320909
-0.48948133,-0.662254035,0.565320909,-0.559714854,-0.605851352,0.565581977
-0.559714854,-0.605851352,0.565581977,-0.573945284,-0.608417273,0.56720835
-0.573945284,-0.608417273,0.56720835,-0.594573796,-0.609295666,0.564258397
-0.594573796,-0.609295666,0.564258397,-0.613659739,-0.607893825,0.561643898
-0.613659739,-0.607893825,0.561643898,-0.630810797,-0.604104638,0.554859579
-0.630810797,-0.604104638,0.554859579,-0.647093117,-0.600180745,0.540865481
-0.647093117,-0.600180745,0.540865481,-0.659777224,-0.606103957,0.515049636
-0.659777224,-0.606103957,0.515049636,-0.661428571,-0.608026445,0.493050158
-0.661428571,-0.608026445,0.493050158,-0.666663289,-0.615056574,0.458819389
-0.666663289,-0.615056574,0.458819389,-0.66863203,-0.618545771,0.432600677
-0.66863203,-0.618545771,0.432600677,-0.667051077,-0.616900325,0.419438601
-0.667051077,-0.616900325,0.419438601,-0.665011108,-0.613866985,0.409419239
-0.665011108,-0.613866985,0.409419239,-0.659454405,-0.605897784,0.365189493
-0.659454405,-0.605897784,0.365189493,-0.659454405,-0.605897784,0.365189493
-0.378369182,-0.648076057,0.416564524,-0.364593953,-0.641206264,0.414455533
-0.364593953,-0.641206264,0.414455533,-0.348437518,-0.636972189,0.420101821
-0.348437518,-0.636972189,0.420101821,-0.333473802,-0.634437978,0.429522634
-0.333473802,-0.634437978,0.429522634,-0.319289416,-0.633118808,0.441008389
-0.319289416,-0.633118808,0.441008389,-0.305408955,-0.632209122,0.45367837
-0.305408955,-0.632209122,0.45367837,-0.292426825,-0.63347429,0.46150744
-0.292426825,-0.63347429,0.46150744,-0.275508314,-0.63993144,0.463357925
-0.275508314,-0.63993144,0.463357925,-0.273260057,-0.642757475,0.442441463
-0.273260057,-0.642757475,0.442441463,-0.272359401,-0.647988081,0.415352583
-0.272359401,-0.647988081,0.415352583,-0.272155643,-0.649817824,0.39160043
-0.272155643,-0.649817824,0.39160043,-0.272213548,-0.650451243,0.368372142
-0.272213548,-0.650451243,0.368372142,-0.272199035,-0.650484443,0.34486264
-0.272199035,-0.650484443,0.34486264,-0.272309333,-0.650871873,0.322989881
-0.272309333,-0.650871873,0.322989881,-0.275336683,-0.670253277,0.313224137
-0.275336683,-0.670253277,0.313224137,-0.274909794,-0.667287707,0.292522192
-0.274909794,-0.667287707,0.292522192,-0.275040627,-0.669829547,0.263247252
-0.275040627,-0.669829547,0.263247252,-0.278498322,-0.672936976,0.282687545
-0.278498322,-0.672936976,0.282687545,-0.280431151,-0.673221707,0.308145344
-0.280431151,-0.673221707,0.308145344,-0.281039268,-0.674480081,0.331192136
-0.281039268,-0.674480081,0.331192136,-0.281172752,-0.675198555,0.354270339
-0.281172752,-0.675198555,0.354270339,-0.281147063,-0.674933434,0.377851963
-0.281147063,-0.674933434,0.377851963,-0.281010479,-0.673848152,0.401584268
-0.281010479,-0.673848152,0.401584268,-0.280736178,-0.671956539,0.425419927
-0.280736178,-0.671956539,0.425419927,-0.280317068,-0.669226766,0.449365735
-0.280317068,-0.669226766,0.449365735,-0.27975601,-0.665651441,0.473388731
-0.27975601,-0.665651441,0.473388731,-0.27905342,-0.661226928,0.497453153
-0.27905342,-0.661226928,0.497453153,-0.278243929,-0.656051993,0.521182001
-0.278243929,-0.656051993,0.521182001,-0.278074831,-0.653659821,0.538613617
-0.278074831,-0.653659821,0.538613617,-0.278367728,-0.655150712,0.550177157
-0.278367728,-0.655150712,0.550177157,-0.275646091,-0.639995515,0.563273728
-0.275646091,-0.639995515,0.563273728,-0.286596656,-0.64375025,0.562587917
-0.286596656,-0.64375025,0.562587917,-0.302570432,-0.649616182,0.558714807
-0.302570432,-0.649616182,0.558714807,-0.317839861,-0.654776037,0.55726105
-0.317839861,-0.654776037,0.55726105,-0.333033204,-0.659537733,0.556463301
-0.333033204,-0.659537733,0.556463301,-0.348729193,-0.664315999,0.555174291
-0.348729193,-0.664315999,0.555174291,-0.364781141,-0.668805599,0.553596437
-0.364781141,-0.668805599,0.553596437,-0.381093889,-0.67285949,0.551867902
-0.381093889,-0.67285949,0.551867902,-0.397678137,-0.676499128,0.549928129
-0.397678137,-0.676499128,0.549928129,-0.414533317,-0.679727197,0.547747195
-0.414533317,-0.679727197,0.547747195,-0.43164143,-0.682522178,0.545335114
-0.43164143,-0.682522178,0.545335114,-0.448987871,-0.684868276,0.542698085
-0.448987871,-0.684868276,0.542698085,-0.466554314,-0.686749935,0.539896548
-0.466554314,-0.686749935,0.539896548,-0.48320657,-0.686137021,0.542151034
-0.48320657,-0.686137021,0.542151034,-0.497679561,-0.68027091,0.553160608
-0.497679561,-0.68027091,0.553160608,-0.510912418,-0.671252668,0.562851608
-0.510912418,-0.671252668,0.562851608,-0.524291277,-0.661842048,0.565403521
-0.524291277,-0.661842048,0.565403521,-0.587529957,-0.608520567,0.565854847
-0.587529957,-0.608520567,0.565854847,-0.601818204,-0.610588133,0.567197144
-0.601818204,-0.610588133,0.567197144,-0.622594655,-0.610499084,0.56355983
-0.622594655,-0.610499084,0.56355983,-0.641808808,-0.608074725,0.560117543
-0.641808808,-0.608074725,0.560117543,-0.659704864,-0.604202628,0.555655062
-0.659704864,-0.604202628,0.555655062,-0.675248265,-0.600266039,0.543822229
-0.675248265,-0.600266039,0.543822229,-0.687609255,-0.608795047,0.515312016
-0.687609255,-0.608795047,0.515312016,-0.689328372,-0.610703409,0.493243992
-0.689328372,-0.610703409,0.493243992,-0.694862247,-0.617782295,0.45828563
-0.694862247,-0.617782295,0.45828563,-0.696718574,-0.621033192,0.4330194
-0.696718574,-0.621033192,0.4330194,-0.694866002,-0.619095206,0.421084523
-0.694866002,-0.619095206,0.421084523,-0.692857683,-0.616201878,0.41124016
-0.692857683,-0.616201878,0.41124016,-0.687300801,-0.608614266,0.365456879
-0.687300801,-0.608614266,0.365456879,-0.687300801,-0.608614266,0.365456879
-0.378329784,-0.64796567,0.416835487,-0.364555627,-0.641096473,0.414721608
-0.364555627,-0.641096473,0.414721608,-0.348400414,-0.636860013,0.420363486
-0.348400414,-0.636860013,0.420363486,-0.333438158,-0.63432169,0.4297809
-0.333438158,-0.63432169,0.4297809,-0.319254994,-0.632997632,0.441263556
-0.319254994,-0.632997632,0.441263556,-0.305375695,-0.63208288,0.453930795
-0.305375695,-0.63208288,0.453930795,-0.292395234,-0.633344591,0.461758614
-0.292395234,-0.633344591,0.461758614,-0.275483191,-0.639806926,0.463593841
-0.275483191,-0.639806926,0.463593841,-0.273236752,-0.642639756,0.442678452
-0.273236752,-0.642639756,0.442678452,-0.272338063,-0.647879541,0.415590942
-0.272338063,-0.647879541,0.415590942,-0.272135615,-0.649717569,0.391839921
-0.272135615,-0.649717569,0.391839921,-0.272194713,-0.650359094,0.368611872
-0.272194713,-0.650359094,0.368611872,-0.272181094,-0.650400639,0.345102727
-0.272181094,-0.650400639,0.345102727,-0.272292256,-0.650795341,0.323230267
-0.272292256,-0.650795341,0.323230267,-0.275319755,-0.670179605,0.313472152
-0.275319755,-0.670179605,0.313472152,-0.274894118,-0.667221248,0.292769849
-0.274894118,-0.667221248,0.292769849,-0.275067776,-0.669897318,0.263514996
-0.275067776,-0.669897318,0.263514996,-0.278494626,-0.672880948,0.282961845
-0.278494626,-0.672880948,0.282961845,-0.280413866,-0.673148632,0.308424294
-0.280413866,-0.673148632,0.308424294,-0.281019568,-0.674398899,0.331470847
-0.281019568,-0.674398899,0.331470847,-0.28115195,-0.675108552,0.354548872
-0.28115195,-0.675108552,0.354548872,-0.281124711,-0.674834371,0.378130376
-0.281124711,-0.674834371,0.378130376,-0.280986339,-0.673740029,0.401862383
-0.280986339,-0.673740029,0.401862383,-0.280710608,-0.671839416,0.425697267
-0.280710608,-0.671839416,0.425697267,-0.280289769,-0.669100344,0.449642181
-0.280289769,-0.669100344,0.449642181,-0.279727042,-0.665515661,0.473663509
-0.279727042,-0.665515661,0.473663509,-0.279022872,-0.66108191,0.497726381
-0.279022872,-0.66108191,0.497726381,-0.278212339,-0.655897737,0.521453202
-0.278212339,-0.655897737,0.521453202,-0.278042316,-0.653498411,0.538884223
-0.278042316,-0.653498411,0.538884223,-0.278334618,-0.654985011,0.550448716
-0.278334618,-0.654985011,0.550448716,-0.275612503,-0.639831066,0.563526213
-0.275612503,-0.639831066,0.563526213,-0.286560446,-0.643586159,0.562843502
-0.286560446,-0.643586159,0.562843502,-0.302422851,-0.648941875,0.558519661
-0.302422851,-0.648941875,0.558519661,-0.317640334,-0.653882205,0.55673641
-0.317640334,-0.653882205,0.55673641,-0.332791746,-0.658558726,0.555857718
-0.332791746,-0.658558726,0.555857718,-0.348454207,-0.663296402,0.554562271
-0.348454207,-0.663296402,0.554562271,-0.364483893,-0.667781234,0.552979171
-0.364483893,-0.667781234,0.552979171,-0.380777299,-0.671839774,0.551249564
-0.380777299,-0.671839774,0.551249564,-0.397342145,-0.675484359,0.549313128
-0.397342145,-0.675484359,0.549313128,-0.414177835,-0.678718388,0.547136843
-0.414177835,-0.678718388,0.547136843,-0.431267172,-0.681520462,0.54472965
-0.431267172,-0.681520462,0.54472965,-0.448595017,-0.683874547,0.542097509
-0.448595017,-0.683874547,0.542097509,-0.466148555,-0.685769618,0.53923887
-0.466148555,-0.685769618,0.53923887,-0.483913988,-0.687195241,0.536153257
-0.483913988,-0.687195241,0.536153257,-0.501737237,-0.68795085,0.533714473
-0.501737237,-0.68795085,0.533714473,-0.517699063,-0.684602201,0.53947407
-0.517699063,-0.684602201,0.53947407,-0.531848371,-0.677031279,0.552116573
-0.531848371,-0.677031279,0.552116573,-0.54527992,-0.667575538,0.562309444
-0.54527992,-0.667575538,0.562309444,-0.558631897,-0.657534063,0.565128863
-0.558631897,-0.657534063,0.565128863,-0.591405451,-0.629931927,0.565738022
-0.591405451,-0.629931927,0.565738022,-0.605655372,-0.63203305,0.56683439
-0.605655372,-0.63203305,0.56683439,-0.626522541,-0.631764889,0.562581837
-0.626522541,-0.631764889,0.562581837,-0.645972013,-0.629172087,0.558528125
-0.645972013,-0.629172087,0.558528125,-0.664254606,-0.625320554,0.55419296
-0.664254606,-0.625320554,0.55419296,-0.67979461,-0.621521533,0.542984068
-0.67979461,-0.621521533,0.542984068,-0.691484749,-0.630218387,0.515201151
-0.691484749,-0.630218387,0.515201151,-0.693200409,-0.632169604,0.493088841
-0.693200409,-0.632169604,0.493088841,-0.698752403,-0.639433622,0.457669854
-0.698752403,-0.639433622,0.457669854,-0.700376749,-0.642473578,0.433338165
-0.700376749,-0.642473578,0.433338165,-0.698416889,-0.640315354,0.422261953
-0.698416889,-0.640315354,0.422261953,-0.696532905,-0.637503505,0.412494659
-0.696532905,-0.637503505,0.412494659,-0.691187859,-0.63005513,0.365349054
-0.691187859,-0.63005513,0.365349054,-0.691187859,-0.63005513,0.365349054
-0.37828508,-0.647845328,0.417146146,-0.364512473,-0.640976787,0.415026605
-0.364512473,-0.640976787,0.415026605,-0.348359019,-0.636737227,0.420663178
-0.348359019,-0.636737227,0.420663178,-0.333398223,-0.634194195,0.430077136
-0.333398223,-0.634194195,0.430077136,-0.319216669,-0.632864475,0.441556573
-0.319216669,-0.632864475,0.441556573,-0.305339247,-0.631943762,0.454220593
-0.305339247,-0.631943762,0.454220593,-0.29236123,-0.633201241,0.462046981
-0.29236123,-0.633201241,0.462046981,-0.27545163,-0.639651477,0.463903606
-0.27545163,-0.639651477,0.463903606,-0.273207098,-0.642493486,0.442989171
-0.273207098,-0.642493486,0.442989171,-0.272310644,-0.64774549,0.41590327
-0.272310644,-0.64774549,0.41590327,-0.272109866,-0.649594307,0.392152667
-0.272109866,-0.649594307,0.392152667,-0.272170335,-0.650246203,0.368925333
-0.272170335,-0.650246203,0.368925333,-0.272158891,-0.65029794,0.345416307
-0.272158891,-0.65029794,0.345416307,-0.272271752,-0.650702238,0.32354337
-0.272271752,-0.650702238,0.32354337,-0.275300086,-0.670090973,0.313789845
-0.275300086,-0.670090973,0.313789845,-0.274876088,-0.667141557,0.293086529
-0.274876088,-0.667141557,0.293086529,-0.275040686,-0.669717789,0.263826311
-0.275040686,-0.669717789,0.263826311,-0.278475523,-0.672792673,0.283280134
-0.278475523,-0.672792673,0.283280134,-0.280397296,-0.673058391,0.308737338
-0.280397296,-0.673058391,0.308737338,-0.281001419,-0.674298227,0.331785142
-0.281001419,-0.674298227,0.331785142,-0.281131864,-0.674997747,0.354863942
-0.281131864,-0.674997747,0.354863942,-0.281102508,-0.674713552,0.378445089
-0.281102508,-0.674713552,0.378445089,-0.280962527,-0.673608899,0.402176559
-0.280962527,-0.673608899,0.402176559,-0.280685097,-0.671697676,0.426010549
-0.280685097,-0.671697676,0.426010549,-0.280262679,-0.668948412,0.449953914
-0.280262679,-0.668948412,0.449953914,-0.279698879,-0.665353119,0.47397393
-0.279698879,-0.665353119,0.47397393,-0.278992951,-0.660908997,0.498035014
-0.278992951,-0.660908997,0.498035014,-0.278179914,-0.655714929,0.521760046
-0.278179914,-0.655714929,0.521760046,-0.27800864,-0.65330714,0.539190829
-0.27800864,-0.65330714,0.539190829,-0.278300345,-0.654788554,0.55075556
-0.278300345,-0.654788554,0.55075556,-0.275576472,-0.639624834,0.563843548
-0.275576472,-0.639624834,0.563843548,-0.286534667,-0.643440485,0.563225806
-0.286534667,-0.643440485,0.563225806,-0.30258742,-0.649715006,0.559758961
-0.30258742,-0.649715006,0.559758961,-0.31787762,-0.654976666,0.55848068
-0.31787762,-0.654976666,0.55848068,-0.333090991,-0.659792781,0.55772227
-0.333090991,-0.659792781,0.55772227,-0.348799139,-0.664592922,0.556449711
-0.348799139,-0.664592922,0.556449711,-0.364857554,-0.669086337,0.554888904
-0.364857554,-0.669086337,0.554888904,-0.381176442,-0.67314142,0.553173363
-0.381176442,-0.67314142,0.553173363,-0.397767276,-0.676782072,0.551243007
-0.397767276,-0.676782072,0.551243007,-0.414628893,-0.680010438,0.549071372
-0.414628893,-0.680010438,0.549071372,-0.431743532,-0.682805538,0.546668828
-0.431743532,-0.682805538,0.546668828,-0.449033916,-0.685061574,0.544488251
-0.449033916,-0.685061574,0.544488251,-0.464906543,-0.683585942,0.549361885
-0.464906543,-0.683585942,0.549361885,-0.47871092,-0.676816881,0.560361922
-0.47871092,-0.676816881,0.560361922,-0.491741776,-0.667612553,0.565697014
-0.491741776,-0.667612553,0.565697014,-0.505230308,-0.658785284,0.566266716
-0.505230308,-0.658785284,0.566266716,-0.556852221,-0.616966188,0.566592753
-0.556852221,-0.616966188,0.566592753,-0.571047187,-0.619636893,0.568138778
-0.571047187,-0.619636893,0.568138778,-0.59174037,-0.620628893,0.565017402
-0.59174037,-0.620628893,0.565017402,-0.610913634,-0.619284332,0.562193334
-0.610913634,-0.619284332,0.562193334,-0.628164411,-0.615539014,0.555179536
-0.628164411,-0.615539014,0.555179536,-0.644572556,-0.611698449,0.541011155
-0.644572556,-0.611698449,0.541011155,-0.656901956,-0.617293954,0.516146004
-0.656901956,-0.617293954,0.516146004,-0.658548772,-0.61925596,0.494130433
-0.658548772,-0.61925596,0.494130433,-0.66377753,-0.626419544,0.459705651
-0.66377753,-0.626419544,0.459705651,-0.665695071,-0.629914939,0.4337098
-0.665695071,-0.629914939,0.4337098,-0.664065421,-0.628164351,0.420883238
-0.664065421,-0.628164351,0.420883238,-0.662085593,-0.625140727,0.410916448
-0.662085593,-0.625140727,0.410916448,-0.656680286,-0.617227077,0.36628592
-0.656680286,-0.617227077,0.36628592,-0.656680286,-0.617227077,0.36628592
-0.3782399,-0.647701144,0.41751796,-0.364468485,-0.640833735,0.415392041
-0.364468485,-0.640833735,0.415392041,-0.348315954,-0.636591196,0.421022356
-0.348315954,-0.636591196,0.421022356,-0.333356261,-0.634043038,0.430431485
-0.333356261,-0.634043038,0.430431485,-0.319176376,-0.632707,0.441907525
-0.319176376,-0.632707,0.441907525,-0.305300623,-0.631779134,0.454568446
-0.305300623,-0.631779134,0.454568446,-0.29232493,-0.633032143,0.462392747
-0.29232493,-0.633032143,0.462392747,-0.275422603,-0.639482796,0.464240313
-0.275422603,-0.639482796,0.464240313,-0.273180574,-0.64233464,0.443327367
-0.273180574,-0.64233464,0.443327367,-0.272286534,-0.647599816,0.416243315
-0.272286534,-0.647599816,0.416243315,-0.272087455,-0.649460316,0.39249301
-0.272087455,-0.649460316,0.39249301,-0.272150159,-0.650123298,0.369266152
-0.272150159,-0.650123298,0.369266152,-0.272140145,-0.65018636,0.345756292
-0.272140145,-0.65018636,0.345756292,-0.272254646,-0.650601685,0.323884189
-0.272254646,-0.650601685,0.323884189,-0.275284499,-0.669996202,0.314140558
-0.275284499,-0.669996202,0.314140558,-0.2748622,-0.667056739,0.293435991
-0.2748622,-0.667056739,0.293435991,-0.275032192,-0.669644117,0.264179707
-0.275032192,-0.669644117,0.264179707,-0.278466433,-0.672704458,0.283634961
-0.278466433,-0.672704458,0.283634961,-0.280383289,-0.672959268,0.30909586
-0.280383289,-0.672959268,0.30909586,-0.28098473,-0.674188256,0.332143962
-0.28098473,-0.674188256,0.332143962,-0.281113267,-0.674876809,0.355223238
-0.281113267,-0.674876809,0.355223238,-0.281082243,-0.674580991,0.378804684
-0.281082243,-0.674580991,0.378804684,-0.280939996,-0.673464358,0.402535915
-0.280939996,-0.673464358,0.402535915,-0.280660897,-0.671541572,0.426369131
-0.280660897,-0.671541572,0.426369131,-0.280236483,-0.668780565,0.450311303
-0.280236483,-0.668780565,0.450311303,-0.279669821,-0.665173709,0.474329948
-0.279669821,-0.665173709,0.474329948,-0.278961867,-0.660717547,0.498388827
-0.278961867,-0.660717547,0.498388827,-0.278147072,-0.655511796,0.522111237
-0.278147072,-0.655511796,0.522111237,-0.277974159,-0.653095543,0.539540231
-0.277974159,-0.653095543,0.539540231,-0.278264701,-0.654571474,0.551105917
-0.278264701,-0.654571474,0.551105917,-0.275541067,-0.639407814,0.564172447
-0.275541067,-0.639407814,0.564172447,-0.286497712,-0.643232882,0.563567221
-0.286497712,-0.643232882,0.563567221,-0.30255276,-0.64952898,0.560128033
-0.30255276,-0.64952898,0.560128033,-0.317840815,-0.654797375,0.55886358
-0.317840815,-0.654797375,0.55886358,-0.33305198,-0.659617126,0.558111966
-0.33305198,-0.659617126,0.558111966,-0.348757535,-0.66441983,0.556845605
-0.348757535,-0.66441983,0.556845605,-0.364813089,-0.668914974,0.555290759
-0.364813089,-0.668914974,0.555290759,-0.381129205,-0.672971606,0.553581059
-0.381129205,-0.672971606,0.553581059,-0.397717625,-0.676613867,0.551656902
-0.397717625,-0.676613867,0.551656902,-0.414576709,-0.67984426,0.549491107
-0.414576709,-0.67984426,0.549491107,-0.431688815,-0.682641149,0.547094166
-0.431688815,-0.682641149,0.547094166,-0.448944211,-0.684843659,0.545104563
-0.448944211,-0.684843659,0.545104563,-0.464653373,-0.683015525,0.550613701
-0.464653373,-0.683015525,0.550613701,-0.478318334,-0.675948977,0.561434686
-0.478318334,-0.675948977,0.561434686,-0.491382867,-0.666778028,0.566216528
-0.491382867,-0.666778028,0.566216528,-0.50486207,-0.657964885,0.56661886
-0.50486207,-0.657964885,0.56661886,-0.557547688,-0.615074873,0.566964567
-0.557547688,-0.615074873,0.566964567,-0.571743906,-0.617721856,0.568526566
-0.571743906,-0.617721856,0.568526566,-0.592431188,-0.618687034,0.565431416
-0.592431188,-0.618687034,0.565431416,-0.611590207,-0.617322326,0.562634408
-0.611590207,-0.617322326,0.562634408,-0.628834248,-0.613577366,0.555705011
-0.628834248,-0.613577366,0.555705011,-0.645214796,-0.609730363,0.541592896
-0.645214796,-0.609730363,0.541592896,-0.657591283,-0.615433693,0.516551554
-0.657591283,-0.615433693,0.516551554,-0.659247637,-0.617399096,0.494539618
-0.659247637,-0.617399096,0.494539618,-0.664496541,-0.624560952,0.460138679
-0.664496541,-0.624560952,0.460138679,-0.666434288,-0.628069937,0.434114516
-0.666434288,-0.628069937,0.434114516,-0.664812088,-0.626339018,0.421248019
-0.664812088,-0.626339018,0.421248019,-0.662826478,-0.623319983,0.41127497
-0.662826478,-0.623319983,0.41127497,-0.657417774,-0.615429103,0.366692305
-0.657417774,-0.615429103,0.366692305,-0.657417774,-0.615429103,0.366692305
-0.378201991,-0.647584021,0.417813122,-0.364431798,-0.640717208,0.415682018
-0.364431798,-0.640717208,0.415682018,-0.348280519,-0.636472166,0.421307921
-0.348280519,-0.636472166,0.421307921,-0.333322614,-0.633919358,0.430712998
-0.333322614,-0.633919358,0.430712998,-0.31914404,-0.632578194,0.442185402
-0.31914404,-0.632578194,0.442185402,-0.30526945,-0.631644964,0.454843819
-0.30526945,-0.631644964,0.454843819,-0.292295903,-0.632894039,0.462666035
-0.292295903,-0.632894039,0.462666035,-0.275397927,-0.639339328,0.464521408
-0.275397927,-0.639339328,0.464521408,-0.273157805,-0.642199636,0.443609595
-0.273157805,-0.642199636,0.443609595,-0.272266269,-0.647475719,0.41652739
-0.272266269,-0.647475719,0.41652739,-0.272069275,-0.649345875,0.392777681
-0.272069275,-0.649345875,0.392777681,-0.272133172,-0.650018096,0.369551063
-0.272133172,-0.650018096,0.369551063,-0.272124648,-0.650091112,0.346041262
-0.272124648,-0.650091112,0.346041262,-0.272240549,-0.650515318,0.32416904
-0.272240549,-0.650515318,0.32416904,-0.275271744,-0.66991514,0.314426243
-0.275271744,-0.66991514,0.314426243,-0.274850845,-0.666983664,0.293720901
-0.274850845,-0.666983664,0.293720901,-0.275027782,-0.669651389,0.264446318
-0.275027782,-0.669651389,0.264446318,-0.278454214,-0.67264998,0.28390801
-0.278454214,-0.67264998,0.28390801,-0.280371219,-0.672885716,0.309371531
-0.280371219,-0.672885716,0.309371531,-0.280971527,-0.674106002,0.332419395
-0.280971527,-0.674106002,0.332419395,-0.281098187,-0.674785972,0.35549897
-0.281098187,-0.674785972,0.35549897,-0.281065732,-0.674480975,0.379080117
-0.281065732,-0.674480975,0.379080117,-0.280922383,-0.67335552,0.402811468
-0.280922383,-0.67335552,0.402811468,-0.280641377,-0.671423554,0.426643908
-0.280641377,-0.671423554,0.426643908,-0.280215323,-0.668653488,0.450585008
-0.280215323,-0.668653488,0.450585008,-0.27964735,-0.665037215,0.474602103
-0.27964735,-0.665037215,0.474602103,-0.278937548,-0.660571933,0.498659194
-0.278937548,-0.660571933,0.498659194,-0.278120965,-0.65535748,0.522379696
-0.278120965,-0.65535748,0.522379696,-0.27794686,-0.652934015,0.539808929
-0.27794686,-0.652934015,0.539808929,-0.278237045,-0.654405177,0.551375568
-0.278237045,-0.654405177,0.551375568,-0.275512457,-0.639234424,0.564434946
-0.275512457,-0.639234424,0.564434946,-0.286450356,-0.642990112,0.563763201
-0.286450356,-0.642990112,0.563763201,-0.302310824,-0.64836359,0.559464514
-0.302310824,-0.64836359,0.559464514,-0.317519754,-0.653317094,0.55770582
-0.317519754,-0.653317094,0.55770582,-0.332660854,-0.65800029,0.556845725
-0.332660854,-0.65800029,0.556845725,-0.348313749,-0.662743926,0.555566967
-0.348313749,-0.662743926,0.555566967,-0.364334494,-0.667233407,0.553999841
-0.364334494,-0.667233407,0.553999841,-0.380618274,-0.67129755,0.552285969
-0.380618274,-0.67129755,0.552285969,-0.397173494,-0.674947858,0.550365508
-0.397173494,-0.674947858,0.550365508,-0.413999975,-0.678188264,0.548204958
-0.413999975,-0.678188264,0.548204958,-0.43108049,-0.680996954,0.545813024
-0.43108049,-0.680996954,0.545813024,-0.448399574,-0.683357835,0.543195784
-0.448399574,-0.683357835,0.543195784,-0.465944976,-0.685260117,0.540352523
-0.465944976,-0.685260117,0.540352523,-0.483702689,-0.686692953,0.53728205
-0.483702689,-0.686692953,0.53728205,-0.501359046,-0.687198043,0.53564328
-0.501359046,-0.687198043,0.53564328,-0.516869485,-0.682989776,0.543022454
-0.516869485,-0.682989776,0.543022454,-0.530896783,-0.67515403,0.556072533
-0.530896783,-0.67515403,0.556072533,-0.544166267,-0.665427983,0.564792097
-0.544166267,-0.665427983,0.564792097,-0.557563841,-0.655490637,0.566759765
-0.557563841,-0.655490637,0.566759765,-0.579737484,-0.637270391,0.567286789
-0.579737484,-0.637270391,0.567286789,-0.593940258,-0.639611959,0.568425238
-0.593940258,-0.639611959,0.568425238,-0.614833534,-0.639771879,0.564301789
-0.614833534,-0.639771879,0.564301789,-0.634308875,-0.63755554,0.560367525
-0.634308875,-0.63755554,0.560367525,-0.652440071,-0.633816957,0.555429518
-0.652440071,-0.633816957,0.555429518,-0.668326199,-0.629985869,0.54312247
-0.668326199,-0.629985869,0.54312247,-0.679799855,-0.637639463,0.516856849
-0.679799855,-0.637639463,0.516856849,-0.681502461,-0.639641762,0.49475801
-0.681502461,-0.639641762,0.49475801,-0.686974883,-0.647021949,0.459421098
-0.686974883,-0.647021949,0.459421098,-0.688603163,-0.65014863,0.434994936
-0.688603163,-0.65014863,0.434994936,-0.686694443,-0.647992074,0.423823595
-0.686694443,-0.647992074,0.423823595,-0.684848189,-0.645149052,0.414041638
-0.684848189,-0.645149052,0.414041638,-0.679625869,-0.637637377,0.36700362
-0.679625869,-0.637637377,0.36700362,-0.679625869,-0.637637377,0.36700362
-0.378167182,-0.647465289,0.418110907,-0.364397973,-0.64059937,0.415974617
-0.364397973,-0.64059937,0.415974617,-0.348248184,-0.636351585,0.421595454
-0.348248184,-0.636351585,0.421595454,-0.33329165,-0.633794725,0.430996895
-0.33329165,-0.633794725,0.430996895,-0.319114268,-0.632448614,0.442466497
-0.319114268,-0.632448614,0.442466497,-0.305241436,-0.631509721,0.455121696
-0.305241436,-0.631509721,0.455121696,-0.292269766,-0.63275516,0.462942719
-0.292269766,-0.63275516,0.462942719,-0.275376767,-0.639197886,0.464799225
-0.275376767,-0.639197886,0.464799225,-0.273138493,-0.642066121,0.443888068
-0.273138493,-0.642066121,0.443888068,-0.272249162,-0.647353232,0.416807234
-0.272249162,-0.647353232,0.416807234,-0.27205357,-0.649232805,0.3930583
-0.27205357,-0.649232805,0.3930583,-0.272118509,-0.649914801,0.36983192
-0.272118509,-0.649914801,0.36983192,-0.272111565,-0.649997115,0.346322358
-0.272111565,-0.649997115,0.346322358,-0.272229075,-0.650429606,0.324450016
-0.272229075,-0.650429606,0.324450016,-0.275257826,-0.669817507,0.314766765
-0.275257826,-0.669817507,0.314766765,-0.274838448,-0.666895628,0.294060528
-0.274838448,-0.666895628,0.294060528,-0.274990737,-0.669603169,0.264815092
-0.274990737,-0.669603169,0.264815092,-0.27842471,-0.672566056,0.284274578
-0.27842471,-0.672566056,0.284274578,-0.280352026,-0.672788382,0.309734523
-0.280352026,-0.672788382,0.309734523,-0.280950665,-0.673995972,0.332784534
-0.280950665,-0.673995972,0.332784534,-0.28107512,-0.674664617,0.355864644
-0.28107512,-0.674664617,0.355864644,-0.28104049,-0.674347937,0.379445791
-0.28104049,-0.674347937,0.379445791,-0.280895114,-0.673210561,0.403176367
-0.280895114,-0.673210561,0.403176367,-0.280612141,-0.671266675,0.427008271
-0.280612141,-0.671266675,0.427008271,-0.28018415,-0.66848439,0.450948179
-0.28018415,-0.66848439,0.450948179,-0.279614568,-0.664855897,0.474963129
-0.279614568,-0.664855897,0.474963129,-0.278903455,-0.660378456,0.49901849
-0.278903455,-0.660378456,0.49901849,-0.27808544,-0.655151904,0.52273649
-0.27808544,-0.655151904,0.52273649,-0.277909964,-0.652719259,0.540164292
-0.277909964,-0.652719259,0.540164292,-0.278199285,-0.654184818,0.551731408
-0.278199285,-0.654184818,0.551731408,-0.275473148,-0.639003694,0.564789474
-0.275473148,-0.639003694,0.564789474,-0.286407322,-0.642759502,0.564121902
-0.286407322,-0.642759502,0.564121902,-0.302256197,-0.648094118,0.559793532
-0.302256197,-0.648094118,0.559793532,-0.317453206,-0.653014302,0.557996094
-0.317453206,-0.653014302,0.557996094,-0.332585543,-0.657688379,0.557127416
-0.332585543,-0.657688379,0.557127416,-0.348230541,-0.662427902,0.555852473
-0.348230541,-0.662427902,0.555852473,-0.364244848,-0.666918218,0.554290354
-0.364244848,-0.666918218,0.554290354,-0.380523056,-0.670984447,0.55258137
-0.380523056,-0.670984447,0.55258137,-0.397072822,-0.674637318,0.550666988
-0.397072822,-0.674637318,0.550666988,-0.413894266,-0.677880168,0.548512518
-0.413894266,-0.677880168,0.548512518,-0.430969894,-0.6806916,0.546126664
-0.430969894,-0.6806916,0.546126664,-0.448284298,-0.68305546,0.543515384
-0.448284298,-0.68305546,0.543515384,-0.465824842,-0.68496114,0.540677965
-0.465824842,-0.68496114,0.540677965,-0.48357752,-0.686398208,0.537613451
-0.48357752,-0.686398208,0.537613451,-0.501424193,-0.687217891,0.535003126
-0.501424193,-0.687217891,0.535003126,-0.517520905,-0.684163034,0.540206134
-0.517520905,-0.684163034,0.540206134,-0.531693459,-0.676689684,0.552663624
-0.531693459,-0.676689684,0.552663624,-0.545191109,-0.667381108,0.563505232
-0.545191109,-0.667381108,0.563505232,-0.558488131,-0.657290697,0.566824734
-0.558488131,-0.657290697,0.566824734,-0.590864003,-0.630170405,0.567519963
-0.590864003,-0.630170405,0.567519963,-0.60509634,-0.632277966,0.56863004
-0.60509634,-0.632277966,0.56863004,-0.625972152,-0.632023752,0.564384043
-0.625972152,-0.632023752,0.564384043,-0.6454252,-0.629445374,0.560332716
-0.6454252,-0.629445374,0.560332716,-0.663708925,-0.625611722,0.55600518
-0.663708925,-0.625611722,0.55600518,-0.679255664,-0.621843994,0.544805229
-0.679255664,-0.621843994,0.544805229,-0.690935433,-0.630573571,0.517118275
-0.690935433,-0.630573571,0.517118275,-0.692676246,-0.632561088,0.49501282
-0.692676246,-0.632561088,0.49501282,-0.698274374,-0.639894009,0.45960319
-0.698274374,-0.639894009,0.45960319,-0.699911594,-0.642956614,0.435356617
-0.699911594,-0.642956614,0.435356617,-0.697957098,-0.640801907,0.424327075
-0.697957098,-0.640801907,0.424327075,-0.696092784,-0.638010144,0.414554536
-0.696092784,-0.638010144,0.414554536,-0.690807343,-0.630631566,0.367266774
-0.690807343,-0.630631566,0.367266774,-0.690807343,-0.630631566,0.367266774
-0.378121853,-0.647315204,0.418496549,-0.364354223,-0.64045018,0.416353405
-0.364354223,-0.64045018,0.416353405,-0.348205775,-0.636199653,0.421968579
-0.348205775,-0.636199653,0.421968579,-0.33325091,-0.633637309,0.43136549
-0.33325091,-0.633637309,0.43136549,-0.319075406,-0.632284284,0.442831218
-0.319075406,-0.632284284,0.442831218,-0.305204183,-0.631338298,0.455482781
-0.305204183,-0.631338298,0.455482781,-0.292235136,-0.63257879,0.463301718
-0.292235136,-0.63257879,0.463301718,-0.275348157,-0.639024496,0.465144634
-0.275348157,-0.639024496,0.465144634,-0.273112267,-0.641902983,0.444235027
-0.273112267,-0.641902983,0.444235027,-0.272225589,-0.647203922,0.417156339
-0.272225589,-0.647203922,0.417156339,-0.272031605,-0.649095595,0.393408
-0.272031605,-0.649095595,0.393408,-0.272098631,-0.649789155,0.370182157
-0.272098631,-0.649789155,0.370182157,-0.272093713,-0.64988327,0.346672773
-0.272093713,-0.64988327,0.346672773,-0.272212684,-0.65032661,0.324799657
-0.272212684,-0.65032661,0.324799657,-0.275244713,-0.669734061,0.315079153
-0.275244713,-0.669734061,0.315079153,-0.274826944,-0.666821241,0.294371486
-0.274826944,-0.666821241,0.294371486,-0.274987757,-0.669488132,0.26511991
-0.274987757,-0.669488132,0.26511991,-0.278428137,-0.672489226,0.284579575
-0.278428137,-0.672489226,0.284579575,-0.28034243,-0.672705829,0.310043395
-0.28034243,-0.672705829,0.310043395,-0.280938148,-0.673904359,0.333093822
-0.280938148,-0.673904359,0.333093822,-0.281061411,-0.67456311,0.356173992
-0.281061411,-0.67456311,0.356173992,-0.281025589,-0.674236,0.379755437
-0.281025589,-0.674236,0.379755437,-0.280878335,-0.67308867,0.403485775
-0.280878335,-0.67308867,0.403485775,-0.280593902,-0.671134591,0.427316785
-0.280593902,-0.671134591,0.427316785,-0.28016448,-0.668341875,0.451255798
-0.28016448,-0.668341875,0.451255798,-0.279592842,-0.664703488,0.475269854
-0.279592842,-0.664703488,0.475269854,-0.278879464,-0.660215795,0.499323189
-0.278879464,-0.660215795,0.499323189,-0.27805984,-0.654979289,0.523039281
-0.27805984,-0.654979289,0.523039281,-0.277883321,-0.652538717,0.540465891
-0.277883321,-0.652538717,0.540465891,-0.278171748,-0.653999269,0.552033484
-0.278171748,-0.653999269,0.552033484,-0.275444746,-0.638808608,0.565096915
-0.275444746,-0.638808608,0.565096915,-0.286424011,-0.642789125,0.564642131
-0.286424011,-0.642789125,0.564642131,-0.302513391,-0.649291039,0.561457694
-0.302513391,-0.649291039,0.561457694,-0.317810088,-0.654618263,0.56028825
-0.317810088,-0.654618263,0.56028825,-0.33302784,-0.659471571,0.5595631
-0.33302784,-0.659471571,0.5595631,-0.348734558,-0.664286375,0.558317363
-0.348734558,-0.664286375,0.558317363,-0.364789099,-0.668785453,0.55678302
-0.364789099,-0.668785453,0.55678302,-0.381104201,-0.672845304,0.555090249
-0.381104201,-0.672845304,0.555090249,-0.397691816,-0.676491261,0.55318135
-0.397691816,-0.676491261,0.55318135,-0.414550006,-0.679725051,0.551031172
-0.414550006,-0.679725051,0.551031172,-0.431574225,-0.682385266,0.549239337
-0.431574225,-0.682385266,0.549239337,-0.447136343,-0.680999637,0.554778636
-0.447136343,-0.680999637,0.554778636,-0.460508257,-0.673828304,0.564169705
-0.460508257,-0.673828304,0.564169705,-0.473616213,-0.665061176,0.567668617
-0.473616213,-0.665061176,0.567668617,-0.554718137,-0.601578891,0.568116486
-0.554718137,-0.601578891,0.568116486,-0.568912506,-0.604207098,0.569851458
-0.568912506,-0.604207098,0.569851458,-0.589486957,-0.605229378,0.56709379
-0.589486957,-0.605229378,0.56709379,-0.608512759,-0.604017735,0.56469065
-0.608512759,-0.604017735,0.56469065,-0.625511289,-0.60027349,0.557481587
-0.625511289,-0.60027349,0.557481587,-0.641864121,-0.596424162,0.54329592
-0.641864121,-0.596424162,0.54329592,-0.654756606,-0.602034152,0.51781112
-0.654756606,-0.602034152,0.51781112,-0.65643692,-0.604005456,0.495841503
-0.65643692,-0.604005456,0.495841503,-0.661701143,-0.611101627,0.46181196
-0.661701143,-0.611101627,0.46181196,-0.663759351,-0.614704549,0.435434699
-0.663759351,-0.614704549,0.435434699,-0.662248254,-0.613166034,0.421988547
-0.662248254,-0.613166034,0.421988547,-0.660215259,-0.610137999,0.411912739
-0.660215259,-0.610137999,0.411912739,-0.654712498,-0.602209091,0.36794591
-0.654712498,-0.602209091,0.36794591,-0.654712498,-0.602209091,0.36794591
-0.378088355,-0.647193193,0.41880703,-0.364321768,-0.640329182,0.41665858
-0.364321768,-0.640329182,0.41665858,-0.348174274,-0.636076152,0.422268391
-0.348174274,-0.636076152,0.422268391,-0.333220541,-0.633509457,0.431661248
-0.333220541,-0.633509457,0.431661248,-0.319046557,-0.632151127,0.443123817
-0.319046557,-0.632151127,0.443123817,-0.305176616,-0.6311993,0.4557724
-0.305176616,-0.6311993,0.4557724,-0.292209238,-0.632436156,0.463589549
-0.292209238,-0.632436156,0.463589549,-0.275327325,-0.638874114,0.465443909
-0.275327325,-0.638874114,0.465443909,-0.273093432,-0.641761661,0.444535434
-0.273093432,-0.641761661,0.444535434,-0.272209197,-0.647074163,0.417457938
-0.272209197,-0.647074163,0.417457938,-0.272017092,-0.648976088,0.393710434
-0.272017092,-0.648976088,0.393710434,-0.272085756,-0.649679542,0.370484531
-0.272085756,-0.649679542,0.370484531,-0.272082418,-0.64978385,0.346975088
-0.272082418,-0.64978385,0.346975088,-0.272202998,-0.650236547,0.325102389
-0.272202998,-0.650236547,0.325102389,-0.275236428,-0.669645667,0.315390825
-0.275236428,-0.669645667,0.315390825,-0.274820268,-0.666741669,0.294682562
-0.274820268,-0.666741669,0.294682562,-0.274998903,-0.669454992,0.265423894
-0.274998903,-0.669454992,0.265423894,-0.27841869,-0.672420323,0.284886301
-0.27841869,-0.672420323,0.284886301,-0.280330449,-0.672619939,0.310356498
-0.280330449,-0.672619939,0.310356498,-0.280924678,-0.673808694,0.333407342
-0.280924678,-0.673808694,0.333407342,-0.281046391,-0.674457788,0.356487274
-0.281046391,-0.674457788,0.356487274,-0.281008571,-0.674120605,0.380068779
-0.281008571,-0.674120605,0.380068779,-0.280859649,-0.672962666,0.403798878
-0.280859649,-0.672962666,0.403798878,-0.280573249,-0.670998633,0.427629292
-0.280573249,-0.670998633,0.427629292,-0.280141532,-0.668195963,0.451566815
-0.280141532,-0.668195963,0.451566815,-0.279568374,-0.664546907,0.47557956
-0.279568374,-0.664546907,0.47557956,-0.278853446,-0.660048664,0.499631107
-0.278853446,-0.660048664,0.499631107,-0.278031439,-0.654802084,0.523344934
-0.278031439,-0.654802084,0.523344934,-0.277853131,-0.652354062,0.540770829
-0.277853131,-0.652354062,0.540770829,-0.278140813,-0.653809786,0.552339375
-0.278140813,-0.653809786,0.552339375,-0.275411755,-0.638613224,0.565397799
-0.275411755,-0.638613224,0.565397799,-0.286341071,-0.642375231,0.564743936
-0.286341071,-0.642375231,0.564743936,-0.302341729,-0.648432314,0.561078608
-0.302341729,-0.648432314,0.561078608,-0.317598671,-0.653648674,0.559735954
-0.317598671,-0.653648674,0.559735954,-0.332776636,-0.658441007,0.558987796
-0.332776636,-0.658441007,0.558987796,-0.348457098,-0.663237929,0.557738006
-0.348457098,-0.663237929,0.557738006,-0.364491642,-0.667739332,0.55619961
-0.364491642,-0.667739332,0.55619961,-0.380786896,-0.67180419,0.554509103
-0.380786896,-0.67180419,0.554509103,-0.397354454,-0.675455451,0.552605689
-0.397354454,-0.675455451,0.552605689,-0.414192945,-0.678695858,0.550460875
-0.414192945,-0.678695858,0.550460875,-0.431285083,-0.68150425,0.548084199
-0.431285083,-0.68150425,0.548084199,-0.448615968,-0.683864594,0.545483172
-0.448615968,-0.683864594,0.545483172,-0.465930372,-0.685371995,0.544046223
-0.465930372,-0.685371995,0.544046223,-0.481305957,-0.682152867,0.55122453
-0.481305957,-0.682152867,0.55122453,-0.494917065,-0.67447567,0.562736809
-0.494917065,-0.67447567,0.562736809,-0.508016765,-0.665041745,0.567633212
-0.508016765,-0.665041745,0.567633212,-0.521491706,-0.655925155,0.56804961
-0.521491706,-0.655925155,0.56804961,-0.582884848,-0.603333592,0.568383038
-0.582884848,-0.603333592,0.568383038,-0.597147584,-0.605451941,0.569837749
-0.597147584,-0.605451941,0.569837749,-0.617898047,-0.605522692,0.566433251
-0.617898047,-0.605522692,0.566433251,-0.637046218,-0.60326463,0.563230932
-0.637046218,-0.60326463,0.563230932,-0.654777288,-0.599432945,0.558567941
-0.654777288,-0.599432945,0.558567941,-0.670409441,-0.595505059,0.546374619
-0.670409441,-0.595505059,0.546374619,-0.682949543,-0.603805959,0.518065512
-0.682949543,-0.603805959,0.518065512,-0.684699416,-0.605757594,0.496025324
-0.684699416,-0.605757594,0.496025324,-0.690265477,-0.612886786,0.461266756
-0.690265477,-0.612886786,0.461266756,-0.692228496,-0.616266787,0.435735703
-0.692228496,-0.616266787,0.435735703,-0.690450191,-0.614434958,0.423489392
-0.690450191,-0.614434958,0.423489392,-0.68843323,-0.611534297,0.413600445
-0.68843323,-0.611534297,0.413600445,-0.682925999,-0.603996634,0.368207932
-0.682925999,-0.603996634,0.368207932,-0.682925999,-0.603996634,0.368207932
