a,b,c
-0.681544602158159,-0.670388248003114,0.2
-0.681544602158159,-0.670388248003114,0.2
-0.831544602158159,-0.470388248003114,0.2
-0.831544602158159,-0.470388248003114,0.2
-0.531544602158159,-0.470388248003114,0.2
-0.531544602158159,-0.470388248003114,0.2
-0.678583493647726,-0.686883520026016,0.2
-0.678583493647726,-0.686883520026016,0.2
-0.828583493647726,-0.486883520026016,0.2
-0.828583493647726,-0.486883520026016,0.2
-0.678583493647726,-0.486883520026016,0.2
-0.678583493647726,-0.486883520026016,0.2
-0.678060791652419,-0.660722816620649,0.2
-0.678060791652419,-0.660722816620649,0.2
-0.528060791652419,-0.460722816620649,0.2
-0.528060791652419,-0.460722816620649,0.2
-0.828060791652419,-0.460722816620649,0.2
-0.828060791652419,-0.460722816620649,0.2
-0.664173008639451,-0.686784090816237,0.2
-0.664173008639451,-0.686784090816237,0.2
-0.514173008639451,-0.486784090816237,0.2
-0.514173008639451,-0.486784090816237,0.2
-0.664173008639451,-0.486784090816237,0.2
-0.664173008639451,-0.486784090816237,0.2
-0.694317520126882,-0.689301441204687,0.2
-0.694317520126882,-0.689301441204687,0.2
-0.694317520126882,-0.489301441204687,0.2
-0.694317520126882,-0.489301441204687,0.2
-0.844317520126882,-0.489301441204687,0.2
-0.844317520126882,-0.489301441204687,0.2
-0.654804011406541,-0.696281599262172,0.2
-0.654804011406541,-0.696281599262172,0.2
-0.654804011406541,-0.496281599262172,0.2
-0.654804011406541,-0.496281599262172,0.2
-0.504804011406541,-0.496281599262172,0.2
-0.504804011406541,-0.496281599262172,0.2
-0.829876826974069,-0.492450742298447,0.2
-0.829876826974069,-0.492450742298447,0.2
-0.679876826974069,-0.692450742298447,0.2
-0.679876826974069,-0.692450742298447,0.2
-0.529876826974069,-0.492450742298447,0.2
-0.529876826974069,-0.492450742298447,0.2
-0.823264678705612,-0.463138894979326,0.2
-0.823264678705612,-0.463138894979326,0.2
-0.673264678705612,-0.663138894979326,0.2
-0.673264678705612,-0.663138894979326,0.2
-0.673264678705612,-0.463138894979326,0.2
-0.673264678705612,-0.463138894979326,0.2
-0.803357856228282,-0.47868571956626,0.2
-0.803357856228282,-0.47868571956626,0.2
-0.503357856228282,-0.47868571956626,0.2
-0.503357856228282,-0.47868571956626,0.2
-0.653357856228282,-0.67868571956626,0.2
-0.653357856228282,-0.67868571956626,0.2
-0.834134617987122,-0.485918375000598,0.2
-0.834134617987122,-0.485918375000598,0.2
-0.534134617987122,-0.485918375000598,0.2
-0.534134617987122,-0.485918375000598,0.2
-0.684134617987122,-0.485918375000598,0.2
-0.684134617987122,-0.485918375000598,0.2
-0.810652346469064,-0.464755532246343,0.2
-0.810652346469064,-0.464755532246343,0.2
-0.660652346469064,-0.464755532246343,0.2
-0.660652346469064,-0.464755532246343,0.2
-0.660652346469064,-0.664755532246343,0.2
-0.660652346469064,-0.664755532246343,0.2
-0.816972965678059,-0.470456947569113,0.2
-0.816972965678059,-0.470456947569113,0.2
-0.666972965678059,-0.470456947569113,0.2
-0.666972965678059,-0.470456947569113,0.2
-0.516972965678059,-0.470456947569113,0.2
-0.516972965678059,-0.470456947569113,0.2
-0.536712045549859,-0.493822057980709,0.2
-0.536712045549859,-0.493822057980709,0.2
-0.686712045549859,-0.693822057980709,0.2
-0.686712045549859,-0.693822057980709,0.2
-0.836712045549859,-0.493822057980709,0.2
-0.836712045549859,-0.493822057980709,0.2
-0.517076332724421,-0.463214315612221,0.2
-0.517076332724421,-0.463214315612221,0.2
-0.667076332724421,-0.663214315612221,0.2
-0.667076332724421,-0.663214315612221,0.2
-0.667076332724421,-0.463214315612221,0.2
-0.667076332724421,-0.463214315612221,0.2
-0.512560121242434,-0.47902185720127,0.2
-0.512560121242434,-0.47902185720127,0.2
-0.812560121242434,-0.47902185720127,0.2
-0.812560121242434,-0.47902185720127,0.2
-0.662560121242434,-0.67902185720127,0.2
-0.662560121242434,-0.67902185720127,0.2
-0.522581033921004,-0.477200840476939,0.2
-0.522581033921004,-0.477200840476939,0.2
-0.822581033921004,-0.477200840476939,0.2
-0.822581033921004,-0.477200840476939,0.2
-0.672581033921004,-0.477200840476939,0.2
-0.672581033921004,-0.477200840476939,0.2
-0.538319847245578,-0.470108076875036,0.2
-0.538319847245578,-0.470108076875036,0.2
-0.688319847245578,-0.470108076875036,0.2
-0.688319847245578,-0.470108076875036,0.2
-0.688319847245578,-0.670108076875036,0.2
-0.688319847245578,-0.670108076875036,0.2
-0.516904133416672,-0.467183656587811,0.2
-0.516904133416672,-0.467183656587811,0.2
-0.666904133416672,-0.467183656587811,0.2
-0.666904133416672,-0.467183656587811,0.2
-0.816904133416672,-0.467183656587811,0.2
-0.816904133416672,-0.467183656587811,0.2
-0.673805020660229,-0.487585554184663,0.2
-0.673805020660229,-0.487585554184663,0.2
-0.673805020660229,-0.687585554184663,0.2
-0.673805020660229,-0.687585554184663,0.2
-0.823805020660229,-0.487585554184663,0.2
-0.823805020660229,-0.487585554184663,0.2
-0.679003182328096,-0.492193858700945,0.2
-0.679003182328096,-0.492193858700945,0.2
-0.679003182328096,-0.692193858700945,0.2
-0.679003182328096,-0.692193858700945,0.2
-0.529003182328096,-0.492193858700945,0.2
-0.529003182328096,-0.492193858700945,0.2
-0.670945366028068,-0.475320734417083,0.2
-0.670945366028068,-0.475320734417083,0.2
-0.820945366028068,-0.475320734417083,0.2
-0.820945366028068,-0.475320734417083,0.2
-0.670945366028068,-0.675320734417083,0.2
-0.670945366028068,-0.675320734417083,0.2
-0.666931226931918,-0.461315145138266,0.2
-0.666931226931918,-0.461315145138266,0.2
-0.816931226931918,-0.461315145138266,0.2
-0.816931226931918,-0.461315145138266,0.2
-0.516931226931918,-0.461315145138266,0.2
-0.516931226931918,-0.461315145138266,0.2
-0.656716434545552,-0.471318862353637,0.2
-0.656716434545552,-0.471318862353637,0.2
-0.506716434545552,-0.471318862353637,0.2
-0.506716434545552,-0.471318862353637,0.2
-0.656716434545552,-0.671318862353637,0.2
-0.656716434545552,-0.671318862353637,0.2
-0.675943014769421,-0.48617112894017,0.2
-0.675943014769421,-0.48617112894017,0.2
-0.525943014769421,-0.48617112894017,0.2
-0.525943014769421,-0.48617112894017,0.2
-0.825943014769421,-0.48617112894017,0.2
-0.825943014769421,-0.48617112894017,0.2
-0.686958290731964,-0.663410374803939,0.2
-0.686958290731964,-0.663410374803939,0.2
-0.836958290731964,-0.463410374803939,0.2
-0.836958290731964,-0.463410374803939,0.2
-0.536958290731964,-0.463410374803939,0.2
-0.536958290731964,-0.463410374803939,0.2
-0.66331719784937,-0.698304214527055,0.2
-0.66331719784937,-0.698304214527055,0.2
-0.81331719784937,-0.498304214527055,0.2
-0.81331719784937,-0.498304214527055,0.2
-0.66331719784937,-0.498304214527055,0.2
-0.66331719784937,-0.498304214527055,0.2
-0.679709459068192,-0.68620258367697,0.2
-0.679709459068192,-0.68620258367697,0.2
-0.529709459068192,-0.48620258367697,0.2
-0.529709459068192,-0.48620258367697,0.2
-0.829709459068192,-0.48620258367697,0.2
-0.829709459068192,-0.48620258367697,0.2
-0.677269528222418,-0.692458013937906,0.2
-0.677269528222418,-0.692458013937906,0.2
-0.527269528222418,-0.492458013937906,0.2
-0.527269528222418,-0.492458013937906,0.2
-0.677269528222418,-0.492458013937906,0.2
-0.677269528222418,-0.492458013937906,0.2
-0.690496037318101,-0.693136254268117,0.2
-0.690496037318101,-0.693136254268117,0.2
-0.690496037318101,-0.493136254268117,0.2
-0.690496037318101,-0.493136254268117,0.2
-0.840496037318101,-0.493136254268117,0.2
-0.840496037318101,-0.493136254268117,0.2
-0.673390061418667,-0.691018402065008,0.2
-0.673390061418667,-0.691018402065008,0.2
-0.673390061418667,-0.491018402065008,0.2
-0.673390061418667,-0.491018402065008,0.2
-0.523390061418667,-0.491018402065008,0.2
-0.523390061418667,-0.491018402065008,0.2
-0.817338855311072,-0.478006857228075,0.2
-0.817338855311072,-0.478006857228075,0.2
-0.667338855311072,-0.678006857228075,0.2
-0.667338855311072,-0.678006857228075,0.2
-0.517338855311072,-0.478006857228075,0.2
-0.517338855311072,-0.478006857228075,0.2
-0.81370461055332,-0.496129275646299,0.2
-0.81370461055332,-0.496129275646299,0.2
-0.66370461055332,-0.696129275646299,0.2
-0.66370461055332,-0.696129275646299,0.2
-0.66370461055332,-0.496129275646299,0.2
-0.66370461055332,-0.496129275646299,0.2
-0.82886737895301,-0.465073017964937,0.2
-0.82886737895301,-0.465073017964937,0.2
-0.52886737895301,-0.465073017964937,0.2
-0.52886737895301,-0.465073017964937,0.2
-0.67886737895301,-0.665073017964937,0.2
-0.67886737895301,-0.665073017964937,0.2
-0.808335461826398,-0.470667902648685,0.2
-0.808335461826398,-0.470667902648685,0.2
-0.508335461826398,-0.470667902648685,0.2
-0.508335461826398,-0.470667902648685,0.2
-0.658335461826398,-0.470667902648685,0.2
-0.658335461826398,-0.470667902648685,0.2
-0.827459004053868,-0.475562673988114,0.2
-0.827459004053868,-0.475562673988114,0.2
-0.677459004053868,-0.475562673988114,0.2
-0.677459004053868,-0.475562673988114,0.2
-0.677459004053868,-0.675562673988114,0.2
-0.677459004053868,-0.675562673988114,0.2
-0.815184383140778,-0.470354162486317,0.2
-0.815184383140778,-0.470354162486317,0.2
-0.665184383140778,-0.470354162486317,0.2
-0.665184383140778,-0.470354162486317,0.2
-0.515184383140778,-0.470354162486317,0.2
-0.515184383140778,-0.470354162486317,0.2
-0.521402343736492,-0.464132845260355,0.2
-0.521402343736492,-0.464132845260355,0.2
-0.671402343736492,-0.664132845260355,0.2
-0.671402343736492,-0.664132845260355,0.2
-0.821402343736492,-0.464132845260355,0.2
-0.821402343736492,-0.464132845260355,0.2
-0.536989961414734,-0.482967833071857,0.2
-0.536989961414734,-0.482967833071857,0.2
-0.686989961414734,-0.682967833071857,0.2
-0.686989961414734,-0.682967833071857,0.2
-0.686989961414734,-0.482967833071857,0.2
-0.686989961414734,-0.482967833071857,0.2
-0.526876761199357,-0.499221009579124,0.2
-0.526876761199357,-0.499221009579124,0.2
-0.826876761199357,-0.499221009579124,0.2
-0.826876761199357,-0.499221009579124,0.2
-0.676876761199357,-0.699221009579124,0.2
-0.676876761199357,-0.699221009579124,0.2
-0.524075559262745,-0.461409778942796,0.2
-0.524075559262745,-0.461409778942796,0.2
-0.824075559262745,-0.461409778942796,0.2
-0.824075559262745,-0.461409778942796,0.2
-0.674075559262745,-0.461409778942796,0.2
-0.674075559262745,-0.461409778942796,0.2
-0.543225854905923,-0.485710253017716,0.2
-0.543225854905923,-0.485710253017716,0.2
-0.693225854905923,-0.485710253017716,0.2
-0.693225854905923,-0.485710253017716,0.2
-0.693225854905923,-0.685710253017716,0.2
-0.693225854905923,-0.685710253017716,0.2
-0.52753561448426,-0.480992634738052,0.2
-0.52753561448426,-0.480992634738052,0.2
-0.67753561448426,-0.480992634738052,0.2
-0.67753561448426,-0.480992634738052,0.2
-0.82753561448426,-0.480992634738052,0.2
-0.82753561448426,-0.480992634738052,0.2
-0.651262475718825,-0.46896302380072,0.2
-0.651262475718825,-0.46896302380072,0.2
-0.651262475718825,-0.66896302380072,0.2
-0.651262475718825,-0.66896302380072,0.2
-0.801262475718825,-0.46896302380072,0.2
-0.801262475718825,-0.46896302380072,0.2
-0.698381658785029,-0.49891980999087,0.2
-0.698381658785029,-0.49891980999087,0.2
-0.698381658785029,-0.69891980999087,0.2
-0.698381658785029,-0.69891980999087,0.2
-0.548381658785029,-0.49891980999087,0.2
-0.548381658785029,-0.49891980999087,0.2
-0.699941565473592,-0.469585933186339,0.2
-0.699941565473592,-0.469585933186339,0.2
-0.849941565473592,-0.469585933186339,0.2
-0.849941565473592,-0.469585933186339,0.2
-0.699941565473592,-0.669585933186339,0.2
-0.699941565473592,-0.669585933186339,0.2
-0.666051504228185,-0.478905798073619,0.2
-0.666051504228185,-0.478905798073619,0.2
-0.816051504228186,-0.478905798073619,0.2
-0.816051504228186,-0.478905798073619,0.2
-0.516051504228185,-0.478905798073619,0.2
-0.516051504228185,-0.478905798073619,0.2
-0.693936516953725,-0.47443484049276,0.2
-0.693936516953725,-0.47443484049276,0.2
-0.543936516953725,-0.47443484049276,0.2
-0.543936516953725,-0.47443484049276,0.2
-0.693936516953725,-0.67443484049276,0.2
-0.693936516953725,-0.67443484049276,0.2
-0.663383708495224,-0.493156853242379,0.2
-0.663383708495224,-0.493156853242379,0.2
-0.513383708495224,-0.493156853242379,0.2
-0.513383708495224,-0.493156853242379,0.2
-0.813383708495224,-0.493156853242379,0.2
-0.813383708495224,-0.493156853242379,0.2
-0.65764235935424,-0.664444413561569,0.2
-0.65764235935424,-0.664444413561569,0.2
-0.80764235935424,-0.464444413561569,0.2
-0.80764235935424,-0.464444413561569,0.2
-0.50764235935424,-0.464444413561569,0.2
-0.50764235935424,-0.464444413561569,0.2
-0.673345494084709,-0.669475899427047,0.2
-0.673345494084709,-0.669475899427047,0.2
-0.823345494084709,-0.469475899427047,0.2
-0.823345494084709,-0.469475899427047,0.2
-0.673345494084709,-0.469475899427047,0.2
-0.673345494084709,-0.469475899427047,0.2
-0.691236501204372,-0.671607098636833,0.2
-0.691236501204372,-0.671607098636833,0.2
-0.541236501204372,-0.471607098636833,0.2
-0.541236501204372,-0.471607098636833,0.2
-0.841236501204372,-0.471607098636833,0.2
-0.841236501204372,-0.471607098636833,0.2
-0.665899895405187,-0.694513074360101,0.2
-0.665899895405187,-0.694513074360101,0.2
-0.515899895405187,-0.494513074360101,0.2
-0.515899895405187,-0.494513074360101,0.2
-0.665899895405187,-0.494513074360101,0.2
-0.665899895405187,-0.494513074360101,0.2
-0.680070821298239,-0.682787632442728,0.2
-0.680070821298239,-0.682787632442728,0.2
-0.680070821298239,-0.482787632442728,0.2
-0.680070821298239,-0.482787632442728,0.2
-0.830070821298239,-0.482787632442728,0.2
-0.830070821298239,-0.482787632442728,0.2
-0.679869588558398,-0.694610700182917,0.2
-0.679869588558398,-0.694610700182917,0.2
-0.679869588558398,-0.494610700182917,0.2
-0.679869588558398,-0.494610700182917,0.2
-0.529869588558398,-0.494610700182917,0.2
-0.529869588558398,-0.494610700182917,0.2
-0.827397406141113,-0.468168734433012,0.2
-0.827397406141113,-0.468168734433012,0.2
-0.677397406141113,-0.668168734433012,0.2
-0.677397406141113,-0.668168734433012,0.2
-0.527397406141113,-0.468168734433012,0.2
-0.527397406141113,-0.468168734433012,0.2
-0.834492828244657,-0.481223496203532,0.2
-0.834492828244657,-0.481223496203532,0.2
-0.684492828244657,-0.681223496203532,0.2
-0.684492828244657,-0.681223496203532,0.2
-0.684492828244657,-0.481223496203532,0.2
-0.684492828244657,-0.481223496203532,0.2
-0.827685861631673,-0.490387308316827,0.2
-0.827685861631673,-0.490387308316827,0.2
-0.527685861631673,-0.490387308316827,0.2
-0.527685861631673,-0.490387308316827,0.2
-0.677685861631673,-0.690387308316827,0.2
-0.677685861631673,-0.690387308316827,0.2
-0.842557558558289,-0.487118092704328,0.2
-0.842557558558289,-0.487118092704328,0.2
-0.542557558558289,-0.487118092704328,0.2
-0.542557558558289,-0.487118092704328,0.2
-0.692557558558289,-0.487118092704328,0.2
-0.692557558558289,-0.487118092704328,0.2
-0.802848533853978,-0.484113485258577,0.2
-0.802848533853978,-0.484113485258577,0.2
-0.652848533853978,-0.484113485258577,0.2
-0.652848533853978,-0.484113485258577,0.2
-0.652848533853978,-0.684113485258577,0.2
-0.652848533853978,-0.684113485258577,0.2
-0.838394895581187,-0.472439979844317,0.2
-0.838394895581187,-0.472439979844317,0.2
-0.688394895581187,-0.472439979844317,0.2
-0.688394895581187,-0.472439979844317,0.2
-0.538394895581187,-0.472439979844317,0.2
-0.538394895581187,-0.472439979844317,0.2
-0.515603015135254,-0.480539254165913,0.2
-0.515603015135254,-0.480539254165913,0.2
-0.665603015135254,-0.680539254165913,0.2
-0.665603015135254,-0.680539254165913,0.2
-0.815603015135254,-0.480539254165913,0.2
-0.815603015135254,-0.480539254165913,0.2
-0.548716692142764,-0.489281060800993,0.2
-0.548716692142764,-0.489281060800993,0.2
-0.698716692142764,-0.689281060800993,0.2
-0.698716692142764,-0.689281060800993,0.2
-0.698716692142764,-0.489281060800993,0.2
-0.698716692142764,-0.489281060800993,0.2
-0.53748715520803,-0.489477446011783,0.2
-0.53748715520803,-0.489477446011783,0.2
-0.83748715520803,-0.489477446011783,0.2
-0.83748715520803,-0.489477446011783,0.2
-0.68748715520803,-0.689477446011783,0.2
-0.68748715520803,-0.689477446011783,0.2
-0.510245646425015,-0.465938763746161,0.2
-0.510245646425015,-0.465938763746161,0.2
-0.810245646425015,-0.465938763746161,0.2
-0.810245646425015,-0.465938763746161,0.2
-0.660245646425015,-0.465938763746161,0.2
-0.660245646425015,-0.465938763746161,0.2
-0.50926272164867,-0.494569325685933,0.2
-0.50926272164867,-0.494569325685933,0.2
-0.65926272164867,-0.494569325685933,0.2
-0.65926272164867,-0.494569325685933,0.2
-0.65926272164867,-0.694569325685933,0.2
-0.65926272164867,-0.694569325685933,0.2
-0.548176666519748,-0.466408398429182,0.2
-0.548176666519748,-0.466408398429182,0.2
-0.698176666519748,-0.466408398429182,0.2
-0.698176666519748,-0.466408398429182,0.2
-0.848176666519748,-0.466408398429182,0.2
-0.848176666519748,-0.466408398429182,0.2
-0.668729638221127,-0.493361739234248,0.2
-0.668729638221127,-0.493361739234248,0.2
-0.668729638221127,-0.693361739234248,0.2
-0.668729638221127,-0.693361739234248,0.2
-0.818729638221127,-0.493361739234248,0.2
-0.818729638221127,-0.493361739234248,0.2
-0.678939988044183,-0.47806131635745,0.2
-0.678939988044183,-0.47806131635745,0.2
-0.678939988044183,-0.67806131635745,0.2
-0.678939988044183,-0.67806131635745,0.2
-0.528939988044183,-0.47806131635745,0.2
-0.528939988044183,-0.47806131635745,0.2
-0.677782175631861,-0.462880900038556,0.2
-0.677782175631861,-0.462880900038556,0.2
-0.827782175631861,-0.462880900038556,0.2
-0.827782175631861,-0.462880900038556,0.2
-0.677782175631861,-0.662880900038556,0.2
-0.677782175631861,-0.662880900038556,0.2
-0.696405577564202,-0.483412332889933,0.2
-0.696405577564202,-0.483412332889933,0.2
-0.846405577564202,-0.483412332889933,0.2
-0.846405577564202,-0.483412332889933,0.2
-0.546405577564201,-0.483412332889933,0.2
-0.546405577564201,-0.483412332889933,0.2
-0.657323975762912,-0.496691462395074,0.2
-0.657323975762912,-0.496691462395074,0.2
-0.507323975762912,-0.496691462395074,0.2
-0.507323975762912,-0.496691462395074,0.2
-0.657323975762912,-0.696691462395074,0.2
-0.657323975762912,-0.696691462395074,0.2
-0.654413728397963,-0.497930463939397,0.2
-0.654413728397963,-0.497930463939397,0.2
-0.504413728397963,-0.497930463939397,0.2
-0.504413728397963,-0.497930463939397,0.2
-0.804413728397963,-0.497930463939397,0.2
-0.804413728397963,-0.497930463939397,0.2
-0.686830409729484,-0.664155894792144,0.2
-0.686830409729484,-0.664155894792144,0.2
-0.836830409729484,-0.464155894792144,0.2
-0.836830409729484,-0.464155894792144,0.2
-0.536830409729484,-0.464155894792144,0.2
-0.536830409729484,-0.464155894792144,0.2
-0.68525299816532,-0.699377466014462,0.2
-0.68525299816532,-0.699377466014462,0.2
-0.83525299816532,-0.499377466014462,0.2
-0.83525299816532,-0.499377466014462,0.2
-0.68525299816532,-0.499377466014462,0.2
-0.68525299816532,-0.499377466014462,0.2
-0.652960674211326,-0.688255142571106,0.2
-0.652960674211326,-0.688255142571106,0.2
-0.502960674211326,-0.488255142571106,0.2
-0.502960674211326,-0.488255142571106,0.2
-0.802960674211326,-0.488255142571106,0.2
-0.802960674211326,-0.488255142571106,0.2
-0.686819200970262,-0.661102057886661,0.2
-0.686819200970262,-0.661102057886661,0.2
-0.536819200970262,-0.461102057886661,0.2
-0.536819200970262,-0.461102057886661,0.2
-0.686819200970262,-0.461102057886661,0.2
-0.686819200970262,-0.461102057886661,0.2
-0.684254628267809,-0.670598705503129,0.2
-0.684254628267809,-0.670598705503129,0.2
-0.684254628267809,-0.470598705503129,0.2
-0.684254628267809,-0.470598705503129,0.2
-0.834254628267809,-0.470598705503129,0.2
-0.834254628267809,-0.470598705503129,0.2
-0.657237248351378,-0.673890102906295,0.2
-0.657237248351378,-0.673890102906295,0.2
-0.657237248351378,-0.473890102906295,0.2
-0.657237248351378,-0.473890102906295,0.2
-0.507237248351378,-0.473890102906295,0.2
-0.507237248351378,-0.473890102906295,0.2
-0.802615033951499,-0.470925680596422,0.2
-0.802615033951499,-0.470925680596422,0.2
-0.652615033951499,-0.670925680596422,0.2
-0.652615033951499,-0.670925680596422,0.2
-0.502615033951499,-0.470925680596422,0.2
-0.502615033951499,-0.470925680596422,0.2
-0.841924822763431,-0.488297493486505,0.2
-0.841924822763431,-0.488297493486505,0.2
-0.69192482276343,-0.688297493486505,0.2
-0.69192482276343,-0.688297493486505,0.2
-0.69192482276343,-0.488297493486505,0.2
-0.69192482276343,-0.488297493486505,0.2
-0.815753335761059,-0.492568287838298,0.2
-0.815753335761059,-0.492568287838298,0.2
-0.515753335761059,-0.492568287838298,0.2
-0.515753335761059,-0.492568287838298,0.2
-0.665753335761059,-0.692568287838298,0.2
-0.665753335761059,-0.692568287838298,0.2
-0.812060431293065,-0.498807849959024,0.2
-0.812060431293065,-0.498807849959024,0.2
-0.512060431293065,-0.498807849959024,0.2
-0.512060431293065,-0.498807849959024,0.2
-0.662060431293065,-0.498807849959024,0.2
-0.662060431293065,-0.498807849959024,0.2
-0.822586938574329,-0.487208703348375,0.2
-0.822586938574329,-0.487208703348375,0.2
-0.672586938574329,-0.487208703348375,0.2
-0.672586938574329,-0.487208703348375,0.2
-0.672586938574329,-0.687208703348375,0.2
-0.672586938574329,-0.687208703348375,0.2
-0.822047026572683,-0.48665282044162,0.2
-0.822047026572683,-0.48665282044162,0.2
-0.672047026572683,-0.48665282044162,0.2
-0.672047026572683,-0.48665282044162,0.2
-0.522047026572683,-0.48665282044162,0.2
-0.522047026572683,-0.48665282044162,0.2
-0.534859714465988,-0.490986770056253,0.2
-0.534859714465988,-0.490986770056253,0.2
-0.684859714465988,-0.690986770056253,0.2
-0.684859714465988,-0.690986770056253,0.2
-0.834859714465988,-0.490986770056253,0.2
-0.834859714465988,-0.490986770056253,0.2
-0.512079430231462,-0.493160920337561,0.2
-0.512079430231462,-0.493160920337561,0.2
-0.662079430231462,-0.693160920337561,0.2
-0.662079430231462,-0.693160920337561,0.2
-0.662079430231462,-0.493160920337561,0.2
-0.662079430231462,-0.493160920337561,0.2
-0.522870685091162,-0.475285680002938,0.2
-0.522870685091162,-0.475285680002938,0.2
-0.822870685091162,-0.475285680002938,0.2
-0.822870685091162,-0.475285680002938,0.2
-0.672870685091162,-0.675285680002938,0.2
-0.672870685091162,-0.675285680002938,0.2
-0.512912175590388,-0.477200248414223,0.2
-0.512912175590388,-0.477200248414223,0.2
-0.812912175590388,-0.477200248414223,0.2
-0.812912175590388,-0.477200248414223,0.2
-0.662912175590388,-0.477200248414223,0.2
-0.662912175590388,-0.477200248414223,0.2
-0.534863095190405,-0.491929247281544,0.2
-0.534863095190405,-0.491929247281544,0.2
-0.684863095190405,-0.491929247281544,0.2
-0.684863095190405,-0.491929247281544,0.2
-0.684863095190405,-0.691929247281544,0.2
-0.684863095190405,-0.691929247281544,0.2
-0.539046098501164,-0.476107687324099,0.2
-0.539046098501164,-0.476107687324099,0.2
-0.689046098501164,-0.476107687324099,0.2
-0.689046098501164,-0.476107687324099,0.2
-0.839046098501165,-0.476107687324099,0.2
-0.839046098501165,-0.476107687324099,0.2
-0.67294507513281,-0.499308533490002,0.2
-0.67294507513281,-0.499308533490002,0.2
-0.67294507513281,-0.699308533490002,0.2
-0.67294507513281,-0.699308533490002,0.2
-0.82294507513281,-0.499308533490002,0.2
-0.82294507513281,-0.499308533490002,0.2
-0.695954843939973,-0.479467347128857,0.2
-0.695954843939973,-0.479467347128857,0.2
-0.695954843939973,-0.679467347128857,0.2
-0.695954843939973,-0.679467347128857,0.2
-0.545954843939973,-0.479467347128857,0.2
-0.545954843939973,-0.479467347128857,0.2
-0.675259976326081,-0.497298604184456,0.2
-0.675259976326081,-0.497298604184456,0.2
-0.825259976326082,-0.497298604184456,0.2
-0.825259976326082,-0.497298604184456,0.2
-0.675259976326081,-0.697298604184456,0.2
-0.675259976326081,-0.697298604184456,0.2
-0.653240826771923,-0.473955016182617,0.2
-0.653240826771923,-0.473955016182617,0.2
-0.803240826771923,-0.473955016182617,0.2
-0.803240826771923,-0.473955016182617,0.2
-0.503240826771923,-0.473955016182617,0.2
-0.503240826771923,-0.473955016182617,0.2
-0.66034876923905,-0.494136723330996,0.2
-0.66034876923905,-0.494136723330996,0.2
-0.51034876923905,-0.494136723330996,0.2
-0.51034876923905,-0.494136723330996,0.2
-0.66034876923905,-0.694136723330996,0.2
-0.66034876923905,-0.694136723330996,0.2
-0.655782653276994,-0.485476930554072,0.2
-0.655782653276994,-0.485476930554072,0.2
-0.505782653276994,-0.485476930554072,0.2
-0.505782653276994,-0.485476930554072,0.2
-0.805782653276994,-0.485476930554072,0.2
-0.805782653276994,-0.485476930554072,0.2
-0.67603638420853,-0.682785185971239,0.2
-0.67603638420853,-0.682785185971239,0.2
-0.82603638420853,-0.482785185971239,0.2
-0.82603638420853,-0.482785185971239,0.2
-0.52603638420853,-0.482785185971239,0.2
-0.52603638420853,-0.482785185971239,0.2
-0.699861136849482,-0.690855922754298,0.2
-0.699861136849482,-0.690855922754298,0.2
-0.849861136849482,-0.490855922754298,0.2
-0.849861136849482,-0.490855922754298,0.2
-0.699861136849482,-0.490855922754298,0.2
-0.699861136849482,-0.490855922754298,0.2
-0.680004417612236,-0.69022421405445,0.2
-0.680004417612236,-0.69022421405445,0.2
-0.530004417612236,-0.49022421405445,0.2
-0.530004417612236,-0.49022421405445,0.2
-0.830004417612236,-0.49022421405445,0.2
-0.830004417612236,-0.49022421405445,0.2
-0.679271962930105,-0.688032927623622,0.2
-0.679271962930105,-0.688032927623622,0.2
-0.529271962930105,-0.488032927623622,0.2
-0.529271962930105,-0.488032927623622,0.2
-0.679271962930105,-0.488032927623622,0.2
-0.679271962930105,-0.488032927623622,0.2
-0.696405581009703,-0.693832528146854,0.2
-0.696405581009703,-0.693832528146854,0.2
-0.696405581009703,-0.493832528146854,0.2
-0.696405581009703,-0.493832528146854,0.2
-0.846405581009703,-0.493832528146854,0.2
-0.846405581009703,-0.493832528146854,0.2
-0.665155342123559,-0.670578866394929,0.2
-0.665155342123559,-0.670578866394929,0.2
-0.665155342123559,-0.470578866394929,0.2
-0.665155342123559,-0.470578866394929,0.2
-0.515155342123559,-0.470578866394929,0.2
-0.515155342123559,-0.470578866394929,0.2
-0.825955296543065,-0.461839260142357,0.2
-0.825955296543065,-0.461839260142357,0.2
-0.675955296543065,-0.661839260142357,0.2
-0.675955296543065,-0.661839260142357,0.2
-0.525955296543065,-0.461839260142357,0.2
-0.525955296543065,-0.461839260142357,0.2
-0.818886830274858,-0.471484758317299,0.2
-0.818886830274858,-0.471484758317299,0.2
-0.668886830274858,-0.671484758317299,0.2
-0.668886830274858,-0.671484758317299,0.2
-0.668886830274858,-0.471484758317299,0.2
-0.668886830274858,-0.471484758317299,0.2
-0.847637906787504,-0.493827158540131,0.2
-0.847637906787504,-0.493827158540131,0.2
-0.547637906787504,-0.493827158540131,0.2
-0.547637906787504,-0.493827158540131,0.2
-0.697637906787504,-0.693827158540131,0.2
-0.697637906787504,-0.693827158540131,0.2
-0.816987244361989,-0.474950257338764,0.2
-0.816987244361989,-0.474950257338764,0.2
-0.516987244361989,-0.474950257338764,0.2
-0.516987244361989,-0.474950257338764,0.2
-0.666987244361989,-0.474950257338764,0.2
-0.666987244361989,-0.474950257338764,0.2
-0.817436305386381,-0.478193669839911,0.2
-0.817436305386381,-0.478193669839911,0.2
-0.667436305386381,-0.478193669839911,0.2
-0.667436305386381,-0.478193669839911,0.2
-0.667436305386381,-0.678193669839911,0.2
-0.667436305386381,-0.678193669839911,0.2
-0.828197025734041,-0.46513631095836,0.2
-0.828197025734041,-0.46513631095836,0.2
-0.678197025734041,-0.46513631095836,0.2
-0.678197025734041,-0.46513631095836,0.2
-0.528197025734041,-0.46513631095836,0.2
-0.528197025734041,-0.46513631095836,0.2
-0.548152498294434,-0.483911952575046,0.2
-0.548152498294434,-0.483911952575046,0.2
-0.698152498294434,-0.683911952575046,0.2
-0.698152498294434,-0.683911952575046,0.2
-0.848152498294434,-0.483911952575046,0.2
-0.848152498294434,-0.483911952575046,0.2
-0.5205100792967,-0.491130485412911,0.2
-0.5205100792967,-0.491130485412911,0.2
-0.6705100792967,-0.691130485412911,0.2
-0.6705100792967,-0.691130485412911,0.2
-0.6705100792967,-0.491130485412911,0.2
-0.6705100792967,-0.491130485412911,0.2
-0.538852877134849,-0.476233736687035,0.2
-0.538852877134849,-0.476233736687035,0.2
-0.838852877134849,-0.476233736687035,0.2
-0.838852877134849,-0.476233736687035,0.2
-0.688852877134849,-0.676233736687035,0.2
-0.688852877134849,-0.676233736687035,0.2
-0.523986357603513,-0.496107270800247,0.2
-0.523986357603513,-0.496107270800247,0.2
-0.823986357603513,-0.496107270800247,0.2
-0.823986357603513,-0.496107270800247,0.2
-0.673986357603513,-0.496107270800247,0.2
-0.673986357603513,-0.496107270800247,0.2
-0.502931591610991,-0.480910076003489,0.2
-0.502931591610991,-0.480910076003489,0.2
-0.652931591610991,-0.480910076003489,0.2
-0.652931591610991,-0.480910076003489,0.2
-0.652931591610991,-0.680910076003489,0.2
-0.652931591610991,-0.680910076003489,0.2
-0.539887606812376,-0.475479802997482,0.2
-0.539887606812376,-0.475479802997482,0.2
-0.689887606812376,-0.475479802997482,0.2
-0.689887606812376,-0.475479802997482,0.2
-0.839887606812376,-0.475479802997482,0.2
-0.839887606812376,-0.475479802997482,0.2
-0.689794541976399,-0.464457774384552,0.2
-0.689794541976399,-0.464457774384552,0.2
-0.689794541976399,-0.664457774384552,0.2
-0.689794541976399,-0.664457774384552,0.2
-0.839794541976399,-0.464457774384552,0.2
-0.839794541976399,-0.464457774384552,0.2
-0.69706175279038,-0.47223683131264,0.2
-0.69706175279038,-0.47223683131264,0.2
-0.69706175279038,-0.67223683131264,0.2
-0.69706175279038,-0.67223683131264,0.2
-0.54706175279038,-0.47223683131264,0.2
-0.54706175279038,-0.47223683131264,0.2
-0.683555288685303,-0.481100004576722,0.2
-0.683555288685303,-0.481100004576722,0.2
-0.833555288685303,-0.481100004576722,0.2
-0.833555288685303,-0.481100004576722,0.2
-0.683555288685303,-0.681100004576722,0.2
-0.683555288685303,-0.681100004576722,0.2
-0.68555860594443,-0.487363365653101,0.2
-0.68555860594443,-0.487363365653101,0.2
-0.83555860594443,-0.487363365653101,0.2
-0.83555860594443,-0.487363365653101,0.2
-0.53555860594443,-0.487363365653101,0.2
-0.53555860594443,-0.487363365653101,0.2
-0.677266355690993,-0.471241376439467,0.2
-0.677266355690993,-0.471241376439467,0.2
-0.527266355690993,-0.471241376439467,0.2
-0.527266355690993,-0.471241376439467,0.2
-0.677266355690993,-0.671241376439467,0.2
-0.677266355690993,-0.671241376439467,0.2
-0.67202699499188,-0.46925771269403,0.2
-0.67202699499188,-0.46925771269403,0.2
-0.52202699499188,-0.46925771269403,0.2
-0.52202699499188,-0.46925771269403,0.2
-0.82202699499188,-0.46925771269403,0.2
-0.82202699499188,-0.46925771269403,0.2
-0.671063768633403,-0.676105586491296,0.2
-0.671063768633403,-0.676105586491296,0.2
-0.821063768633403,-0.476105586491296,0.2
-0.821063768633403,-0.476105586491296,0.2
-0.521063768633403,-0.476105586491296,0.2
-0.521063768633403,-0.476105586491296,0.2
-0.680111246833982,-0.661387660416528,0.2
-0.680111246833982,-0.661387660416528,0.2
-0.830111246833983,-0.461387660416528,0.2
-0.830111246833983,-0.461387660416528,0.2
-0.680111246833982,-0.461387660416528,0.2
-0.680111246833982,-0.461387660416528,0.2
-0.677813310440068,-0.697896280925792,0.2
-0.677813310440068,-0.697896280925792,0.2
-0.527813310440068,-0.497896280925792,0.2
-0.527813310440068,-0.497896280925792,0.2
-0.827813310440068,-0.497896280925792,0.2
-0.827813310440068,-0.497896280925792,0.2
-0.663317764967925,-0.67026804055347,0.2
-0.663317764967925,-0.67026804055347,0.2
-0.513317764967925,-0.47026804055347,0.2
-0.513317764967925,-0.47026804055347,0.2
-0.663317764967925,-0.47026804055347,0.2
-0.663317764967925,-0.47026804055347,0.2
-0.692903043550329,-0.68122325150318,0.2
-0.692903043550329,-0.68122325150318,0.2
-0.692903043550329,-0.48122325150318,0.2
-0.692903043550329,-0.48122325150318,0.2
-0.842903043550329,-0.48122325150318,0.2
-0.842903043550329,-0.48122325150318,0.2
-0.676768204578564,-0.661113984163677,0.2
-0.676768204578564,-0.661113984163677,0.2
-0.676768204578564,-0.461113984163677,0.2
-0.676768204578564,-0.461113984163677,0.2
-0.526768204578564,-0.461113984163677,0.2
-0.526768204578564,-0.461113984163677,0.2
-0.837202615173098,-0.473720557791607,0.2
-0.837202615173098,-0.473720557791607,0.2
-0.687202615173098,-0.673720557791607,0.2
-0.687202615173098,-0.673720557791607,0.2
-0.537202615173098,-0.473720557791607,0.2
-0.537202615173098,-0.473720557791607,0.2
-0.844622287349418,-0.464542457275037,0.2
-0.844622287349418,-0.464542457275037,0.2
-0.694622287349418,-0.664542457275037,0.2
-0.694622287349418,-0.664542457275037,0.2
-0.694622287349418,-0.464542457275037,0.2
-0.694622287349418,-0.464542457275037,0.2
-0.814980967387883,-0.470703821098536,0.2
-0.814980967387883,-0.470703821098536,0.2
-0.514980967387883,-0.470703821098536,0.2
-0.514980967387883,-0.470703821098536,0.2
-0.664980967387883,-0.670703821098536,0.2
-0.664980967387883,-0.670703821098536,0.2
-0.804639779304778,-0.477005277090317,0.2
-0.804639779304778,-0.477005277090317,0.2
-0.504639779304778,-0.477005277090317,0.2
-0.504639779304778,-0.477005277090317,0.2
-0.654639779304778,-0.477005277090317,0.2
-0.654639779304778,-0.477005277090317,0.2
-0.848481257309397,-0.466840653713251,0.2
-0.848481257309397,-0.466840653713251,0.2
-0.698481257309397,-0.466840653713251,0.2
-0.698481257309397,-0.466840653713251,0.2
-0.698481257309397,-0.666840653713251,0.2
-0.698481257309397,-0.666840653713251,0.2
-0.803370220219894,-0.485718172415984,0.2
-0.803370220219894,-0.485718172415984,0.2
-0.653370220219894,-0.485718172415984,0.2
-0.653370220219894,-0.485718172415984,0.2
-0.503370220219894,-0.485718172415984,0.2
-0.503370220219894,-0.485718172415984,0.2
-0.503970728987748,-0.472788038750375,0.2
-0.503970728987748,-0.472788038750375,0.2
-0.653970728987748,-0.672788038750375,0.2
-0.653970728987748,-0.672788038750375,0.2
-0.803970728987748,-0.472788038750375,0.2
-0.803970728987748,-0.472788038750375,0.2
-0.53265524643871,-0.478191919274128,0.2
-0.53265524643871,-0.478191919274128,0.2
-0.68265524643871,-0.678191919274128,0.2
-0.68265524643871,-0.678191919274128,0.2
-0.68265524643871,-0.478191919274128,0.2
-0.68265524643871,-0.478191919274128,0.2
-0.509093648217568,-0.488063859330019,0.2
-0.509093648217568,-0.488063859330019,0.2
-0.809093648217568,-0.488063859330019,0.2
-0.809093648217568,-0.488063859330019,0.2
-0.659093648217568,-0.688063859330019,0.2
-0.659093648217568,-0.688063859330019,0.2
-0.511770594089103,-0.474958195227482,0.2
-0.511770594089103,-0.474958195227482,0.2
-0.811770594089103,-0.474958195227482,0.2
-0.811770594089103,-0.474958195227482,0.2
-0.661770594089103,-0.474958195227482,0.2
-0.661770594089103,-0.474958195227482,0.2
-0.526664142305227,-0.468113917026881,0.2
-0.526664142305227,-0.468113917026881,0.2
-0.676664142305227,-0.468113917026881,0.2
-0.676664142305227,-0.468113917026881,0.2
-0.676664142305227,-0.668113917026881,0.2
-0.676664142305227,-0.668113917026881,0.2
-0.521726250411069,-0.490237276995076,0.2
-0.521726250411069,-0.490237276995076,0.2
-0.671726250411069,-0.490237276995076,0.2
-0.671726250411069,-0.490237276995076,0.2
-0.821726250411069,-0.490237276995076,0.2
-0.821726250411069,-0.490237276995076,0.2
-0.68471379070413,-0.470428789809485,0.2
-0.68471379070413,-0.470428789809485,0.2
-0.68471379070413,-0.670428789809485,0.2
-0.68471379070413,-0.670428789809485,0.2
-0.83471379070413,-0.470428789809485,0.2
-0.83471379070413,-0.470428789809485,0.2
-0.651665005979473,-0.493580229627765,0.2
-0.651665005979473,-0.493580229627765,0.2
-0.651665005979473,-0.693580229627765,0.2
-0.651665005979473,-0.693580229627765,0.2
-0.501665005979473,-0.493580229627765,0.2
-0.501665005979473,-0.493580229627765,0.2
-0.656743761420289,-0.466475616071762,0.2
-0.656743761420289,-0.466475616071762,0.2
-0.806743761420289,-0.466475616071762,0.2
-0.806743761420289,-0.466475616071762,0.2
-0.656743761420289,-0.666475616071762,0.2
-0.656743761420289,-0.666475616071762,0.2
-0.660997656709054,-0.499479985215716,0.2
-0.660997656709054,-0.499479985215716,0.2
-0.810997656709054,-0.499479985215716,0.2
-0.810997656709054,-0.499479985215716,0.2
-0.510997656709054,-0.499479985215716,0.2
-0.510997656709054,-0.499479985215716,0.2
-0.662831781234727,-0.464345617299985,0.2
-0.662831781234727,-0.464345617299985,0.2
-0.512831781234727,-0.464345617299985,0.2
-0.512831781234727,-0.464345617299985,0.2
-0.662831781234727,-0.664345617299985,0.2
-0.662831781234727,-0.664345617299985,0.2
-0.695103696785041,-0.471292223473841,0.2
-0.695103696785041,-0.471292223473841,0.2
-0.545103696785041,-0.471292223473841,0.2
-0.545103696785041,-0.471292223473841,0.2
-0.845103696785041,-0.471292223473841,0.2
-0.845103696785041,-0.471292223473841,0.2
-0.693232191258044,-0.695570335245926,0.2
-0.693232191258044,-0.695570335245926,0.2
-0.843232191258044,-0.495570335245926,0.2
-0.843232191258044,-0.495570335245926,0.2
-0.543232191258044,-0.495570335245926,0.2
-0.543232191258044,-0.495570335245926,0.2
-0.673645145213157,-0.689617038534913,0.2
-0.673645145213157,-0.689617038534913,0.2
-0.823645145213157,-0.489617038534913,0.2
-0.823645145213157,-0.489617038534913,0.2
-0.673645145213157,-0.489617038534913,0.2
-0.673645145213157,-0.489617038534913,0.2
-0.679183807707589,-0.681743337372005,0.2
-0.679183807707589,-0.681743337372005,0.2
-0.529183807707589,-0.481743337372005,0.2
-0.529183807707589,-0.481743337372005,0.2
-0.829183807707589,-0.481743337372005,0.2
-0.829183807707589,-0.481743337372005,0.2
-0.670003796605553,-0.666535947536293,0.2
-0.670003796605553,-0.666535947536293,0.2
-0.520003796605553,-0.466535947536293,0.2
-0.520003796605553,-0.466535947536293,0.2
-0.670003796605553,-0.466535947536293,0.2
-0.670003796605553,-0.466535947536293,0.2
-0.660149400753967,-0.672360746380943,0.2
-0.660149400753967,-0.672360746380943,0.2
-0.660149400753967,-0.472360746380943,0.2
-0.660149400753967,-0.472360746380943,0.2
-0.810149400753967,-0.472360746380943,0.2
-0.810149400753967,-0.472360746380943,0.2
-0.68729641795896,-0.675339709114784,0.2
-0.68729641795896,-0.675339709114784,0.2
-0.68729641795896,-0.475339709114784,0.2
-0.68729641795896,-0.475339709114784,0.2
-0.53729641795896,-0.475339709114784,0.2
-0.53729641795896,-0.475339709114784,0.2
-0.835473028347091,-0.482631240174494,0.2
-0.835473028347091,-0.482631240174494,0.2
-0.685473028347091,-0.682631240174495,0.2
-0.685473028347091,-0.682631240174495,0.2
-0.535473028347091,-0.482631240174494,0.2
-0.535473028347091,-0.482631240174494,0.2
-0.846801186364514,-0.491572795803397,0.2
-0.846801186364514,-0.491572795803397,0.2
-0.696801186364514,-0.691572795803397,0.2
-0.696801186364514,-0.691572795803397,0.2
-0.696801186364514,-0.491572795803397,0.2
-0.696801186364514,-0.491572795803397,0.2
-0.83789450601173,-0.494217996186836,0.2
-0.83789450601173,-0.494217996186836,0.2
-0.53789450601173,-0.494217996186836,0.2
-0.53789450601173,-0.494217996186836,0.2
-0.68789450601173,-0.694217996186836,0.2
-0.68789450601173,-0.694217996186836,0.2
-0.82209195440335,-0.480242476708043,0.2
-0.82209195440335,-0.480242476708043,0.2
-0.52209195440335,-0.480242476708043,0.2
-0.52209195440335,-0.480242476708043,0.2
-0.67209195440335,-0.480242476708043,0.2
-0.67209195440335,-0.480242476708043,0.2
-0.810856209982963,-0.463988229098212,0.2
-0.810856209982963,-0.463988229098212,0.2
-0.660856209982963,-0.463988229098212,0.2
-0.660856209982963,-0.463988229098212,0.2
-0.660856209982963,-0.663988229098212,0.2
-0.660856209982963,-0.663988229098212,0.2
-0.824584956025919,-0.488595487619244,0.2
-0.824584956025919,-0.488595487619244,0.2
-0.674584956025919,-0.488595487619244,0.2
-0.674584956025919,-0.488595487619244,0.2
-0.524584956025919,-0.488595487619244,0.2
-0.524584956025919,-0.488595487619244,0.2
-0.518479936902613,-0.484400745263743,0.2
-0.518479936902613,-0.484400745263743,0.2
-0.668479936902613,-0.684400745263743,0.2
-0.668479936902613,-0.684400745263743,0.2
-0.818479936902613,-0.484400745263743,0.2
-0.818479936902613,-0.484400745263743,0.2
-0.510118614369659,-0.483930074890345,0.2
-0.510118614369659,-0.483930074890345,0.2
-0.660118614369659,-0.683930074890345,0.2
-0.660118614369659,-0.683930074890345,0.2
-0.660118614369659,-0.483930074890345,0.2
-0.660118614369659,-0.483930074890345,0.2
-0.503568241617085,-0.484742442438733,0.2
-0.503568241617085,-0.484742442438733,0.2
-0.803568241617085,-0.484742442438733,0.2
-0.803568241617085,-0.484742442438733,0.2
-0.653568241617085,-0.684742442438733,0.2
-0.653568241617085,-0.684742442438733,0.2
-0.524497306563023,-0.473892363917465,0.2
-0.524497306563023,-0.473892363917465,0.2
-0.824497306563023,-0.473892363917465,0.2
-0.824497306563023,-0.473892363917465,0.2
-0.674497306563023,-0.473892363917465,0.2
-0.674497306563023,-0.473892363917465,0.2
-0.529289711942884,-0.475452343166527,0.2
-0.529289711942884,-0.475452343166527,0.2
-0.679289711942884,-0.475452343166527,0.2
-0.679289711942884,-0.475452343166527,0.2
-0.679289711942884,-0.675452343166527,0.2
-0.679289711942884,-0.675452343166527,0.2
-0.530547212344214,-0.47086857656208,0.2
-0.530547212344214,-0.47086857656208,0.2
-0.680547212344214,-0.47086857656208,0.2
-0.680547212344214,-0.47086857656208,0.2
-0.830547212344214,-0.47086857656208,0.2
-0.830547212344214,-0.47086857656208,0.2
-0.677040317275476,-0.462378247437135,0.2
-0.677040317275476,-0.462378247437135,0.2
-0.677040317275476,-0.662378247437135,0.2
-0.677040317275476,-0.662378247437135,0.2
-0.827040317275476,-0.462378247437135,0.2
-0.827040317275476,-0.462378247437135,0.2
-0.663586735258666,-0.484422091572452,0.2
-0.663586735258666,-0.484422091572452,0.2
-0.663586735258666,-0.684422091572452,0.2
-0.663586735258666,-0.684422091572452,0.2
-0.513586735258666,-0.484422091572452,0.2
-0.513586735258666,-0.484422091572452,0.2
-0.679435714057001,-0.495932731487332,0.2
-0.679435714057001,-0.495932731487332,0.2
-0.829435714057001,-0.495932731487332,0.2
-0.829435714057001,-0.495932731487332,0.2
-0.679435714057001,-0.695932731487332,0.2
-0.679435714057001,-0.695932731487332,0.2
-0.69927970884574,-0.479409831460792,0.2
-0.69927970884574,-0.479409831460792,0.2
-0.84927970884574,-0.479409831460792,0.2
-0.84927970884574,-0.479409831460792,0.2
-0.54927970884574,-0.479409831460792,0.2
-0.54927970884574,-0.479409831460792,0.2
-0.660535012430586,-0.485771972562339,0.2
-0.660535012430586,-0.485771972562339,0.2
-0.510535012430586,-0.485771972562339,0.2
-0.510535012430586,-0.485771972562339,0.2
-0.660535012430586,-0.685771972562339,0.2
-0.660535012430586,-0.685771972562339,0.2
-0.653928450322621,-0.47076624833587,0.2
-0.653928450322621,-0.47076624833587,0.2
-0.503928450322621,-0.47076624833587,0.2
-0.503928450322621,-0.47076624833587,0.2
-0.803928450322621,-0.47076624833587,0.2
-0.803928450322621,-0.47076624833587,0.2
-0.692781373780101,-0.685753345351352,0.2
-0.692781373780101,-0.685753345351352,0.2
-0.842781373780101,-0.485753345351352,0.2
-0.842781373780101,-0.485753345351352,0.2
-0.542781373780101,-0.485753345351352,0.2
-0.542781373780101,-0.485753345351352,0.2
-0.67359784044184,-0.693442642046127,0.2
-0.67359784044184,-0.693442642046127,0.2
-0.82359784044184,-0.493442642046127,0.2
-0.82359784044184,-0.493442642046127,0.2
-0.67359784044184,-0.493442642046127,0.2
-0.67359784044184,-0.493442642046127,0.2
-0.691226125922667,-0.661676939653706,0.2
-0.691226125922667,-0.661676939653706,0.2
-0.541226125922667,-0.461676939653706,0.2
-0.541226125922667,-0.461676939653706,0.2
-0.841226125922667,-0.461676939653706,0.2
-0.841226125922667,-0.461676939653706,0.2
-0.676617365008369,-0.67151953302667,0.2
-0.676617365008369,-0.67151953302667,0.2
-0.526617365008369,-0.47151953302667,0.2
-0.526617365008369,-0.47151953302667,0.2
-0.676617365008369,-0.47151953302667,0.2
-0.676617365008369,-0.47151953302667,0.2
-0.674186479537128,-0.686901884206318,0.2
-0.674186479537128,-0.686901884206318,0.2
-0.674186479537128,-0.486901884206318,0.2
-0.674186479537128,-0.486901884206318,0.2
-0.824186479537128,-0.486901884206318,0.2
-0.824186479537128,-0.486901884206318,0.2
-0.696694429699221,-0.660347932526788,0.2
-0.696694429699221,-0.660347932526788,0.2
-0.696694429699221,-0.460347932526788,0.2
-0.696694429699221,-0.460347932526788,0.2
-0.546694429699221,-0.460347932526788,0.2
-0.546694429699221,-0.460347932526788,0.2
-0.839418400789198,-0.474693974929447,0.2
-0.839418400789198,-0.474693974929447,0.2
-0.689418400789198,-0.674693974929447,0.2
-0.689418400789198,-0.674693974929447,0.2
-0.539418400789198,-0.474693974929447,0.2
-0.539418400789198,-0.474693974929447,0.2
-0.817634343354105,-0.496261182567123,0.2
-0.817634343354105,-0.496261182567123,0.2
-0.667634343354105,-0.696261182567123,0.2
-0.667634343354105,-0.696261182567123,0.2
-0.667634343354105,-0.496261182567123,0.2
-0.667634343354105,-0.496261182567123,0.2
-0.814904706265082,-0.482267446424501,0.2
-0.814904706265082,-0.482267446424501,0.2
-0.514904706265082,-0.482267446424501,0.2
-0.514904706265082,-0.482267446424501,0.2
-0.664904706265082,-0.682267446424501,0.2
-0.664904706265082,-0.682267446424501,0.2
-0.848832511911929,-0.491048628268976,0.2
-0.848832511911929,-0.491048628268976,0.2
-0.548832511911929,-0.491048628268976,0.2
-0.548832511911929,-0.491048628268976,0.2
-0.698832511911929,-0.491048628268976,0.2
-0.698832511911929,-0.491048628268976,0.2
-0.821808790905881,-0.492371225357137,0.2
-0.821808790905881,-0.492371225357137,0.2
-0.671808790905881,-0.492371225357137,0.2
-0.671808790905881,-0.492371225357137,0.2
-0.671808790905881,-0.692371225357137,0.2
-0.671808790905881,-0.692371225357137,0.2
-0.840267480149728,-0.465757938766467,0.2
-0.840267480149728,-0.465757938766467,0.2
-0.690267480149728,-0.465757938766467,0.2
-0.690267480149728,-0.465757938766467,0.2
-0.540267480149728,-0.465757938766467,0.2
-0.540267480149728,-0.465757938766467,0.2
-0.53437173581433,-0.472622505084197,0.2
-0.53437173581433,-0.472622505084197,0.2
-0.68437173581433,-0.672622505084197,0.2
-0.68437173581433,-0.672622505084197,0.2
-0.83437173581433,-0.472622505084197,0.2
-0.83437173581433,-0.472622505084197,0.2
-0.527324295638053,-0.463934398920763,0.2
-0.527324295638053,-0.463934398920763,0.2
-0.677324295638053,-0.663934398920763,0.2
-0.677324295638053,-0.663934398920763,0.2
-0.677324295638053,-0.463934398920763,0.2
-0.677324295638053,-0.463934398920763,0.2
-0.530318638618211,-0.49605778035463,0.2
-0.530318638618211,-0.49605778035463,0.2
-0.830318638618211,-0.49605778035463,0.2
-0.830318638618211,-0.49605778035463,0.2
-0.680318638618211,-0.69605778035463,0.2
-0.680318638618211,-0.69605778035463,0.2
-0.523135726632532,-0.481691211057122,0.2
-0.523135726632532,-0.481691211057122,0.2
-0.823135726632532,-0.481691211057122,0.2
-0.823135726632532,-0.481691211057122,0.2
-0.673135726632532,-0.481691211057122,0.2
-0.673135726632532,-0.481691211057122,0.2
-0.513524272158343,-0.470053057765276,0.2
-0.513524272158343,-0.470053057765276,0.2
-0.663524272158343,-0.470053057765276,0.2
-0.663524272158343,-0.470053057765276,0.2
-0.663524272158343,-0.670053057765275,0.2
-0.663524272158343,-0.670053057765275,0.2
-0.512856414456321,-0.488392175215551,0.2
-0.512856414456321,-0.488392175215551,0.2
-0.662856414456321,-0.488392175215551,0.2
-0.662856414456321,-0.488392175215551,0.2
-0.812856414456321,-0.488392175215551,0.2
-0.812856414456321,-0.488392175215551,0.2
-0.665537955953535,-0.491738644148471,0.2
-0.665537955953535,-0.491738644148471,0.2
-0.665537955953535,-0.691738644148471,0.2
-0.665537955953535,-0.691738644148471,0.2
-0.815537955953535,-0.491738644148471,0.2
-0.815537955953535,-0.491738644148471,0.2
-0.694090037746981,-0.464804664443037,0.2
-0.694090037746981,-0.464804664443037,0.2
-0.694090037746981,-0.664804664443037,0.2
-0.694090037746981,-0.664804664443037,0.2
-0.544090037746981,-0.464804664443037,0.2
-0.544090037746981,-0.464804664443037,0.2
-0.696038478400797,-0.491587628846475,0.2
-0.696038478400797,-0.491587628846475,0.2
-0.846038478400797,-0.491587628846475,0.2
-0.846038478400797,-0.491587628846475,0.2
-0.696038478400797,-0.691587628846475,0.2
-0.696038478400797,-0.691587628846475,0.2
-0.692069947900882,-0.48739377735703,0.2
-0.692069947900882,-0.48739377735703,0.2
-0.842069947900882,-0.48739377735703,0.2
-0.842069947900882,-0.48739377735703,0.2
-0.542069947900882,-0.48739377735703,0.2
-0.542069947900882,-0.48739377735703,0.2
-0.690036307820549,-0.498790492559298,0.2
-0.690036307820549,-0.498790492559298,0.2
-0.540036307820549,-0.498790492559298,0.2
-0.540036307820549,-0.498790492559298,0.2
-0.690036307820549,-0.698790492559298,0.2
-0.690036307820549,-0.698790492559298,0.2
-0.677975089114488,-0.472830196299794,0.2
-0.677975089114488,-0.472830196299794,0.2
-0.527975089114488,-0.472830196299794,0.2
-0.527975089114488,-0.472830196299794,0.2
-0.827975089114488,-0.472830196299794,0.2
-0.827975089114488,-0.472830196299794,0.2
-0.6933461607278,-0.677589421374149,0.2
-0.6933461607278,-0.677589421374149,0.2
-0.8433461607278,-0.477589421374149,0.2
-0.8433461607278,-0.477589421374149,0.2
-0.5433461607278,-0.477589421374149,0.2
-0.5433461607278,-0.477589421374149,0.2
-0.667834062443415,-0.676585331494049,0.2
-0.667834062443415,-0.676585331494049,0.2
-0.817834062443415,-0.476585331494049,0.2
-0.817834062443415,-0.476585331494049,0.2
-0.667834062443415,-0.476585331494049,0.2
-0.667834062443415,-0.476585331494049,0.2
-0.665458846481481,-0.668868809561465,0.2
-0.665458846481481,-0.668868809561465,0.2
-0.515458846481481,-0.468868809561465,0.2
-0.515458846481481,-0.468868809561465,0.2
-0.815458846481481,-0.468868809561465,0.2
-0.815458846481481,-0.468868809561465,0.2
-0.68567176725014,-0.685233082884072,0.2
-0.68567176725014,-0.685233082884072,0.2
-0.53567176725014,-0.485233082884072,0.2
-0.53567176725014,-0.485233082884072,0.2
-0.68567176725014,-0.485233082884072,0.2
-0.68567176725014,-0.485233082884072,0.2
-0.69869701374165,-0.689650062556235,0.2
-0.69869701374165,-0.689650062556235,0.2
-0.69869701374165,-0.489650062556235,0.2
-0.69869701374165,-0.489650062556235,0.2
-0.84869701374165,-0.489650062556235,0.2
-0.84869701374165,-0.489650062556235,0.2
-0.677655657923689,-0.666249897735651,0.2
-0.677655657923689,-0.666249897735651,0.2
-0.677655657923689,-0.466249897735651,0.2
-0.677655657923689,-0.466249897735651,0.2
-0.527655657923689,-0.466249897735651,0.2
-0.527655657923689,-0.466249897735651,0.2
-0.832681321746095,-0.491862862098272,0.2
-0.832681321746095,-0.491862862098272,0.2
-0.682681321746095,-0.691862862098272,0.2
-0.682681321746095,-0.691862862098272,0.2
-0.532681321746095,-0.491862862098272,0.2
-0.532681321746095,-0.491862862098272,0.2
-0.847847554756586,-0.462687358872048,0.2
-0.847847554756586,-0.462687358872048,0.2
-0.697847554756586,-0.662687358872048,0.2
-0.697847554756586,-0.662687358872048,0.2
-0.697847554756586,-0.462687358872048,0.2
-0.697847554756586,-0.462687358872048,0.2
-0.807257631144653,-0.477672146299649,0.2
-0.807257631144653,-0.477672146299649,0.2
-0.507257631144652,-0.477672146299649,0.2
-0.507257631144652,-0.477672146299649,0.2
-0.657257631144653,-0.677672146299649,0.2
-0.657257631144653,-0.677672146299649,0.2
-0.806961425506606,-0.470971111151544,0.2
-0.806961425506606,-0.470971111151544,0.2
-0.506961425506606,-0.470971111151544,0.2
-0.506961425506606,-0.470971111151544,0.2
-0.656961425506606,-0.470971111151544,0.2
-0.656961425506606,-0.470971111151544,0.2
-0.824423890496098,-0.492826886755374,0.2
-0.824423890496098,-0.492826886755374,0.2
-0.674423890496098,-0.492826886755374,0.2
-0.674423890496098,-0.492826886755374,0.2
-0.674423890496098,-0.692826886755374,0.2
-0.674423890496098,-0.692826886755374,0.2
-0.819206729154019,-0.471928623617054,0.2
-0.819206729154019,-0.471928623617054,0.2
-0.669206729154019,-0.471928623617054,0.2
-0.669206729154019,-0.471928623617054,0.2
-0.519206729154019,-0.471928623617054,0.2
-0.519206729154019,-0.471928623617054,0.2
-0.513384875598185,-0.463693182415007,0.2
-0.513384875598185,-0.463693182415007,0.2
-0.663384875598185,-0.663693182415007,0.2
-0.663384875598185,-0.663693182415007,0.2
-0.813384875598186,-0.463693182415007,0.2
-0.813384875598186,-0.463693182415007,0.2
-0.538182414293554,-0.476554758125577,0.2
-0.538182414293554,-0.476554758125577,0.2
-0.688182414293554,-0.676554758125577,0.2
-0.688182414293554,-0.676554758125577,0.2
-0.688182414293554,-0.476554758125577,0.2
-0.688182414293554,-0.476554758125577,0.2
-0.530942272657459,-0.461761622330608,0.2
-0.530942272657459,-0.461761622330608,0.2
-0.830942272657459,-0.461761622330608,0.2
-0.830942272657459,-0.461761622330608,0.2
-0.680942272657459,-0.661761622330608,0.2
-0.680942272657459,-0.661761622330608,0.2
-0.528700266782716,-0.462538831352101,0.2
-0.528700266782716,-0.462538831352101,0.2
-0.828700266782716,-0.462538831352101,0.2
-0.828700266782716,-0.462538831352101,0.2
-0.678700266782716,-0.462538831352101,0.2
-0.678700266782716,-0.462538831352101,0.2
-0.538729559601495,-0.488063944402746,0.2
-0.538729559601495,-0.488063944402746,0.2
-0.688729559601496,-0.488063944402746,0.2
-0.688729559601496,-0.488063944402746,0.2
-0.688729559601496,-0.688063944402746,0.2
-0.688729559601496,-0.688063944402746,0.2
-0.506584463724981,-0.489961673331518,0.2
-0.506584463724981,-0.489961673331518,0.2
-0.656584463724981,-0.489961673331518,0.2
-0.656584463724981,-0.489961673331518,0.2
-0.806584463724981,-0.489961673331518,0.2
-0.806584463724981,-0.489961673331518,0.2
-0.683297081810631,-0.494867377088873,0.2
-0.683297081810631,-0.494867377088873,0.2
-0.683297081810631,-0.694867377088873,0.2
-0.683297081810631,-0.694867377088873,0.2
-0.833297081810631,-0.494867377088873,0.2
-0.833297081810631,-0.494867377088873,0.2
-0.681340896989199,-0.496851091169777,0.2
-0.681340896989199,-0.496851091169777,0.2
-0.681340896989199,-0.696851091169777,0.2
-0.681340896989199,-0.696851091169777,0.2
-0.531340896989199,-0.496851091169777,0.2
-0.531340896989199,-0.496851091169777,0.2
-0.651164567323581,-0.473786930584947,0.2
-0.651164567323581,-0.473786930584947,0.2
-0.801164567323581,-0.473786930584947,0.2
-0.801164567323581,-0.473786930584947,0.2
-0.651164567323581,-0.673786930584947,0.2
-0.651164567323581,-0.673786930584947,0.2
-0.689471166960446,-0.473986116692292,0.2
-0.689471166960446,-0.473986116692292,0.2
-0.839471166960446,-0.473986116692292,0.2
-0.839471166960446,-0.473986116692292,0.2
-0.539471166960446,-0.473986116692292,0.2
-0.539471166960446,-0.473986116692292,0.2
-0.691015776919764,-0.462656175496274,0.2
-0.691015776919764,-0.462656175496274,0.2
-0.541015776919764,-0.462656175496274,0.2
-0.541015776919764,-0.462656175496274,0.2
-0.691015776919764,-0.662656175496274,0.2
-0.691015776919764,-0.662656175496274,0.2
-0.66101587491028,-0.474666569577114,0.2
-0.66101587491028,-0.474666569577114,0.2
-0.51101587491028,-0.474666569577114,0.2
-0.51101587491028,-0.474666569577114,0.2
-0.81101587491028,-0.474666569577114,0.2
-0.81101587491028,-0.474666569577114,0.2
-0.682690644071363,-0.678977689208673,0.2
-0.682690644071363,-0.678977689208673,0.2
-0.832690644071363,-0.478977689208673,0.2
-0.832690644071363,-0.478977689208673,0.2
-0.532690644071363,-0.478977689208673,0.2
-0.532690644071363,-0.478977689208673,0.2
-0.693281657559284,-0.671860392672459,0.2
-0.693281657559284,-0.671860392672459,0.2
-0.843281657559284,-0.471860392672459,0.2
-0.843281657559284,-0.471860392672459,0.2
-0.693281657559284,-0.471860392672459,0.2
-0.693281657559284,-0.471860392672459,0.2
-0.651879051540365,-0.686758159596382,0.2
-0.651879051540365,-0.686758159596382,0.2
-0.501879051540365,-0.486758159596382,0.2
-0.501879051540365,-0.486758159596382,0.2
-0.801879051540365,-0.486758159596382,0.2
-0.801879051540365,-0.486758159596382,0.2
-0.682867037738079,-0.682373589786564,0.2
-0.682867037738079,-0.682373589786564,0.2
-0.532867037738079,-0.482373589786564,0.2
-0.532867037738079,-0.482373589786564,0.2
-0.682867037738079,-0.482373589786564,0.2
-0.682867037738079,-0.482373589786564,0.2
-0.6932307092199,-0.693034480663141,0.2
-0.6932307092199,-0.693034480663141,0.2
-0.6932307092199,-0.493034480663141,0.2
-0.6932307092199,-0.493034480663141,0.2
-0.8432307092199,-0.493034480663141,0.2
-0.8432307092199,-0.493034480663141,0.2
-0.683658751067384,-0.671393827410824,0.2
-0.683658751067384,-0.671393827410824,0.2
-0.683658751067384,-0.471393827410823,0.2
-0.683658751067384,-0.471393827410823,0.2
-0.533658751067384,-0.471393827410823,0.2
-0.533658751067384,-0.471393827410823,0.2
-0.844037609192029,-0.495719920702304,0.2
-0.844037609192029,-0.495719920702304,0.2
-0.694037609192029,-0.695719920702304,0.2
-0.694037609192029,-0.695719920702304,0.2
-0.544037609192029,-0.495719920702304,0.2
-0.544037609192029,-0.495719920702304,0.2
-0.849991579305848,-0.466746028308477,0.2
-0.849991579305848,-0.466746028308477,0.2
-0.699991579305848,-0.666746028308477,0.2
-0.699991579305848,-0.666746028308477,0.2
-0.699991579305848,-0.466746028308477,0.2
-0.699991579305848,-0.466746028308477,0.2
-0.800272231976679,-0.487669548713812,0.2
-0.800272231976679,-0.487669548713812,0.2
-0.500272231976679,-0.487669548713812,0.2
-0.500272231976679,-0.487669548713812,0.2
-0.650272231976679,-0.687669548713812,0.2
-0.650272231976679,-0.687669548713812,0.2
-0.804520423214055,-0.460411131582407,0.2
-0.804520423214055,-0.460411131582407,0.2
-0.504520423214055,-0.460411131582407,0.2
-0.504520423214055,-0.460411131582407,0.2
-0.654520423214055,-0.460411131582407,0.2
-0.654520423214055,-0.460411131582407,0.2
-0.81448340677026,-0.461950407272757,0.2
-0.81448340677026,-0.461950407272757,0.2
-0.66448340677026,-0.461950407272757,0.2
-0.66448340677026,-0.461950407272757,0.2
-0.66448340677026,-0.661950407272757,0.2
-0.66448340677026,-0.661950407272757,0.2
-0.801845849856317,-0.4753255591312,0.2
-0.801845849856317,-0.4753255591312,0.2
-0.651845849856317,-0.4753255591312,0.2
-0.651845849856317,-0.4753255591312,0.2
-0.501845849856317,-0.4753255591312,0.2
-0.501845849856317,-0.4753255591312,0.2
-0.543534555220322,-0.474373576346066,0.2
-0.543534555220322,-0.474373576346066,0.2
-0.693534555220322,-0.674373576346066,0.2
-0.693534555220322,-0.674373576346066,0.2
-0.843534555220323,-0.474373576346066,0.2
-0.843534555220323,-0.474373576346066,0.2
-0.503093715887368,-0.491715993223991,0.2
-0.503093715887368,-0.491715993223991,0.2
-0.653093715887368,-0.69171599322399,0.2
-0.653093715887368,-0.69171599322399,0.2
-0.653093715887368,-0.491715993223991,0.2
-0.653093715887368,-0.491715993223991,0.2
-0.513115021829878,-0.472517809322396,0.2
-0.513115021829878,-0.472517809322396,0.2
-0.813115021829878,-0.472517809322396,0.2
-0.813115021829878,-0.472517809322396,0.2
-0.663115021829878,-0.672517809322396,0.2
-0.663115021829878,-0.672517809322396,0.2
-0.512780479759909,-0.499001201011349,0.2
-0.512780479759909,-0.499001201011349,0.2
-0.812780479759909,-0.499001201011349,0.2
-0.812780479759909,-0.499001201011349,0.2
-0.662780479759909,-0.499001201011349,0.2
-0.662780479759909,-0.499001201011349,0.2
-0.522861538403908,-0.466559575560629,0.2
-0.522861538403908,-0.466559575560629,0.2
-0.672861538403908,-0.466559575560629,0.2
-0.672861538403908,-0.466559575560629,0.2
-0.672861538403908,-0.666559575560629,0.2
-0.672861538403908,-0.666559575560629,0.2
-0.506675860388272,-0.473904512494586,0.2
-0.506675860388272,-0.473904512494586,0.2
-0.656675860388272,-0.473904512494586,0.2
-0.656675860388272,-0.473904512494586,0.2
-0.806675860388272,-0.473904512494586,0.2
-0.806675860388272,-0.473904512494586,0.2
-0.680095854436919,-0.476632599127835,0.2
-0.680095854436919,-0.476632599127835,0.2
-0.680095854436919,-0.676632599127835,0.2
-0.680095854436919,-0.676632599127835,0.2
-0.830095854436919,-0.476632599127835,0.2
-0.830095854436919,-0.476632599127835,0.2
-0.652177020640481,-0.493528636531094,0.2
-0.652177020640481,-0.493528636531094,0.2
-0.652177020640481,-0.693528636531094,0.2
-0.652177020640481,-0.693528636531094,0.2
-0.502177020640481,-0.493528636531094,0.2
-0.502177020640481,-0.493528636531094,0.2
-0.681192084572703,-0.47062827812983,0.2
-0.681192084572703,-0.47062827812983,0.2
-0.831192084572703,-0.47062827812983,0.2
-0.831192084572703,-0.47062827812983,0.2
-0.681192084572703,-0.67062827812983,0.2
-0.681192084572703,-0.67062827812983,0.2
-0.651439174824523,-0.463926147386028,0.2
-0.651439174824523,-0.463926147386028,0.2
-0.801439174824523,-0.463926147386028,0.2
-0.801439174824523,-0.463926147386028,0.2
-0.501439174824523,-0.463926147386028,0.2
-0.501439174824523,-0.463926147386028,0.2
-0.670872146990114,-0.465969880117733,0.2
-0.670872146990114,-0.465969880117733,0.2
-0.520872146990114,-0.465969880117733,0.2
-0.520872146990114,-0.465969880117733,0.2
-0.670872146990114,-0.665969880117733,0.2
-0.670872146990114,-0.665969880117733,0.2
-0.653365897258982,-0.472488832451562,0.2
-0.653365897258982,-0.472488832451562,0.2
-0.503365897258982,-0.472488832451562,0.2
-0.503365897258982,-0.472488832451562,0.2
-0.803365897258982,-0.472488832451562,0.2
-0.803365897258982,-0.472488832451562,0.2
